id,premises,conclusion,label,caroline_premises,caroline_conclusion,domain_shift_premises,domain_shift_conclusion,ans_orig_zero,ans_caroline_zero,ans_domain_zero,ans_caroline_cot
0,"If people perform in school talent shows often, then they attend and are very engaged with school events. People either perform in school talent shows often or are inactive and disinterested members of their community. If people chaperone high school dances, then they are not students who attend the school. All people who are inactive and disinterested members of their community chaperone high school dances. All young children and teenagers who wish to further their academic careers and educational opportunities are students who attend the school. Bonnie either both attends and is very engaged with school events and is a student who attends the school, or she neither attends and is very engaged with school events nor is a student who attends the school. ",Bonnie performs in school talent shows often.,Uncertain,"If people perform in school talent shows often, then they attend and are very engaged with school events. People either perform in school talent shows often or are inactive and disinterested members of their community. If people chaperone high school dances, then they are not students who attend the school. All people who are inactive and disinterested members of their community chaperone high school dances. All young children and teenagers who wish to further their academic careers and educational opportunities are students who attend the school. Tumtum either both attends and is very engaged with school events and is a student who attends the school, or she neither attends and is very engaged with school events nor is a student who attends the school. ",Tumtum performs in school talent shows often.,"If people perform in school talent shows often, then they attend and are very engaged with school events. People either perform in school talent shows often or are inactive and disinterested members of their community. If people chaperone high school dances, then they are not students who attend the school. All people who are inactive and disinterested members of their community chaperone high school dances. All young children and teenagers who wish to further their academic careers and educational opportunities are students who attend the school. Mitochondria either both attends and is very engaged with school events and is a student who attends the school, or she neither attends and is very engaged with school events nor is a student who attends the school. ",Mitochondria performs in school talent shows often.,Uncertain,Uncertain,Uncertain,Uncertain
1,"If people perform in school talent shows often, then they attend and are very engaged with school events. People either perform in school talent shows often or are inactive and disinterested members of their community. If people chaperone high school dances, then they are not students who attend the school. All people who are inactive and disinterested members of their community chaperone high school dances. All young children and teenagers who wish to further their academic careers and educational opportunities are students who attend the school. Bonnie either both attends and is very engaged with school events and is a student who attends the school, or she neither attends and is very engaged with school events nor is a student who attends the school. ","If Bonnie is either both a young child or teenager who wishes to further her academic career and educational opportunities and chaperones high school dances or neither is a young child nor teenager who wishes to further her academic career and educational opportunities, then Bonnie is either a student who attends the school or is an inactive and disinterested member of the community.",True,"If people perform in school talent shows often, then they attend and are very engaged with school events. People either perform in school talent shows often or are inactive and disinterested members of their community. If people chaperone high school dances, then they are not students who attend the school. All people who are inactive and disinterested members of their community chaperone high school dances. All young children and teenagers who wish to further their academic careers and educational opportunities are students who attend the school. Gyre either both attends and is very engaged with school events and is a student who attends the school, or she neither attends and is very engaged with school events nor is a student who attends the school. ","If Gyre is either both a young child or teenager who wishes to further her academic career and educational opportunities and chaperones high school dances or neither is a young child nor teenager who wishes to further her academic career and educational opportunities, then Gyre is either a student who attends the school or is an inactive and disinterested member of the community.","If people perform in school talent shows often, then they attend and are very engaged with school events. People either perform in school talent shows often or are inactive and disinterested members of their community. If people chaperone high school dances, then they are not students who attend the school. All people who are inactive and disinterested members of their community chaperone high school dances. All young children and teenagers who wish to further their academic careers and educational opportunities are students who attend the school. Mitochondria either both attends and is very engaged with school events and is a student who attends the school, or she neither attends and is very engaged with school events nor is a student who attends the school. ","If Mitochondria is either both a young child or teenager who wishes to further her academic career and educational opportunities and chaperones high school dances or neither is a young child nor teenager who wishes to further her academic career and educational opportunities, then Mitochondria is either a student who attends the school or is an inactive and disinterested member of the community.",True,True,True,Uncertain
2,"If people perform in school talent shows often, then they attend and are very engaged with school events. People either perform in school talent shows often or are inactive and disinterested members of their community. If people chaperone high school dances, then they are not students who attend the school. All people who are inactive and disinterested members of their community chaperone high school dances. All young children and teenagers who wish to further their academic careers and educational opportunities are students who attend the school. Bonnie either both attends and is very engaged with school events and is a student who attends the school, or she neither attends and is very engaged with school events nor is a student who attends the school. ","If Bonnie either chaperones high school dances or, if she does not, she performs in school talent shows often, then Bonnie is both a young child or teenager who wishes to further her academic career and educational opportunities and an inactive and disinterested member of the community.",False,"If people perform in school talent shows often, then they attend and are very engaged with school events. People either perform in school talent shows often or are inactive and disinterested members of their community. If people chaperone high school dances, then they are not students who attend the school. All people who are inactive and disinterested members of their community chaperone high school dances. All young children and teenagers who wish to further their academic careers and educational opportunities are students who attend the school. Tweequ either both attends and is very engaged with school events and is a student who attends the school, or she neither attends and is very engaged with school events nor is a student who attends the school. ","If Tweequ either chaperones high school dances or, if she does not, she performs in school talent shows often, then Tweequ is both a young child or teenager who wishes to further her academic career and educational opportunities and an inactive and disinterested member of the community.","If people perform in school talent shows often, then they attend and are very engaged with school events. People either perform in school talent shows often or are inactive and disinterested members of their community. If people chaperone high school dances, then they are not students who attend the school. All people who are inactive and disinterested members of their community chaperone high school dances. All young children and teenagers who wish to further their academic careers and educational opportunities are students who attend the school. Enzyme either both attends and is very engaged with school events and is a student who attends the school, or she neither attends and is very engaged with school events nor is a student who attends the school. ","If Enzyme either chaperones high school dances or, if she does not, she performs in school talent shows often, then Enzyme is both a young child or teenager who wishes to further her academic career and educational opportunities and an inactive and disinterested member of the community.",Uncertain,Uncertain,Uncertain,True
3,"All employees who schedule a meeting with their customers will appear in the company today.  Everyone who has lunch in the company schedules meetings with their customers.  Employees will either have lunch in the company or have lunch at home. If an employee has lunch at home, then he/she is working remotely from home. All employees who are in other countries work remotely from home.  No managers work remotely from home.  James is either a manager and appears in the company today or neither a manager nor appears in the company today.",James has lunch in the company.,Uncertain,"All employees who schedule a meeting with their customers will appear in the company today.  Everyone who has lunch in the company schedules meetings with their customers.  Snark will either have lunch in the company or have lunch at home. If an employee has lunch at home, then he/she is working remotely from home. All employees who are in other countries work remotely from home.  No managers work remotely from home.  Rath is either a manager and appears in the company today or neither a manager nor appears in the company today.",Rath has lunch in the company.,"All employees who schedule a meeting with their customers will appear in the company today.  Everyone who has lunch in the company schedules meetings with their customers.  Photon will either have lunch in the company or have lunch at home. If an employee has lunch at home, then he/she is working remotely from home. All employees who are in other countries work remotely from home.  No managers work remotely from home.  Chromosome is either a manager and appears in the company today or neither a manager nor appears in the company today.",Chromosome has lunch in the company.,Uncertain,Uncertain,Uncertain,Uncertain
4,"All employees who schedule a meeting with their customers will appear in the company today.  Everyone who has lunch in the company schedules meetings with their customers.  Employees will either have lunch in the company or have lunch at home. If an employee has lunch at home, then he/she is working remotely from home. All employees who are in other countries work remotely from home.  No managers work remotely from home.  James is either a manager and appears in the company today or neither a manager nor appears in the company today.",James does not have lunch in the company.,Uncertain,"All employees who schedule a meeting with their customers will appear in the company today.  Everyone who has lunch in the company schedules meetings with their customers.  Rath will either have lunch in the company or have lunch at home. If an employee has lunch at home, then he/she is working remotely from home. All employees who are in other countries work remotely from home.  No managers work remotely from home.  Mome is either a manager and appears in the company today or neither a manager nor appears in the company today.",Mome does not have lunch in the company.,"All employees who schedule a meeting with their customers will appear in the company today.  Everyone who has lunch in the company schedules meetings with their customers.  Proton will either have lunch in the company or have lunch at home. If an employee has lunch at home, then he/she is working remotely from home. All employees who are in other countries work remotely from home.  No managers work remotely from home.  Ribosome is either a manager and appears in the company today or neither a manager nor appears in the company today.",Ribosome does not have lunch in the company.,True,True,True,Uncertain
5,"All employees who schedule a meeting with their customers will appear in the company today.  Everyone who has lunch in the company schedules meetings with their customers.  Employees will either have lunch in the company or have lunch at home. If an employee has lunch at home, then he/she is working remotely from home. All employees who are in other countries work remotely from home.  No managers work remotely from home.  James is either a manager and appears in the company today or neither a manager nor appears in the company today.","If James is either a manager or in other countries,  then James either has lunch at home and works remotely from home, or neither has lunch at home nor works remotely from home.",True,"All employees who schedule a meeting with their customers will appear in the company today.  Everyone who has lunch in the company schedules meetings with their customers.  Bandersnatch will either have lunch in the company or have lunch at home. If an employee has lunch at home, then he/she is working remotely from home. All employees who are in other countries work remotely from home.  No managers work remotely from home.  Tweequ is either a manager and appears in the company today or neither a manager nor appears in the company today.","If Tweequ is either a manager or in other countries,  then Tweequ either has lunch at home and works remotely from home, or neither has lunch at home nor works remotely from home.","All employees who schedule a meeting with their customers will appear in the company today.  Everyone who has lunch in the company schedules meetings with their customers.  Neutron will either have lunch in the company or have lunch at home. If an employee has lunch at home, then he/she is working remotely from home. All employees who are in other countries work remotely from home.  No managers work remotely from home.  Photon is either a manager and appears in the company today or neither a manager nor appears in the company today.","If Photon is either a manager or in other countries,  then Photon either has lunch at home and works remotely from home, or neither has lunch at home nor works remotely from home.",True,True,True,Uncertain
6,"Monkeypox is an infectious disease caused by the monkeypox virus. Monkeypox virus can occur in certain animals, including humans. Humans are mammals. Mammals are animals. Symptons of Monkeypox include fever, headache, muscle pains, feeling tired, and so on. People feel tired when they get a glu.",There is an animal.,True,"Mome is an infectious disease caused by the monkeypox virus. Mome virus can occur in certain animals, including humans. Humans are mammals. Mammals are animals. Symptons of Mome include fever, headache, muscle pains, feeling tired, and so on. People feel tired when they get a glu.",There is an animal.,"Ribosome is an infectious disease caused by the monkeypox virus. Ribosome virus can occur in certain animals, including humans. Humans are mammals. Mammals are animals. Symptons of Ribosome include fever, headache, muscle pains, feeling tired, and so on. People feel tired when they get a glu.",There is an animal.,True,Uncertain,Uncertain,Uncertain
7,"Monkeypox is an infectious disease caused by the monkeypox virus. Monkeypox virus can occur in certain animals, including humans. Humans are mammals. Mammals are animals. Symptons of Monkeypox include fever, headache, muscle pains, feeling tired, and so on. People feel tired when they get a glu.",No one gets flu.,Uncertain,"Rath is an infectious disease caused by the monkeypox virus. Rath virus can occur in certain animals, including humans. Humans are mammals. Mammals are animals. Symptons of Rath include fever, headache, muscle pains, feeling tired, and so on. People feel tired when they get a glu.",No one gets flu.,"Photon is an infectious disease caused by the monkeypox virus. Photon virus can occur in certain animals, including humans. Humans are mammals. Mammals are animals. Symptons of Photon include fever, headache, muscle pains, feeling tired, and so on. People feel tired when they get a glu.",No one gets flu.,Uncertain,Uncertain,Uncertain,Uncertain
8,"Monkeypox is an infectious disease caused by the monkeypox virus. Monkeypox virus can occur in certain animals, including humans. Humans are mammals. Mammals are animals. Symptons of Monkeypox include fever, headache, muscle pains, feeling tired, and so on. People feel tired when they get a glu.",Symptons of Monkeypox include coughing.,Uncertain,"Bandersnatch is an infectious disease caused by the monkeypox virus. Bandersnatch virus can occur in certain animals, including humans. Humans are mammals. Mammals are animals. Symptons of Bandersnatch include fever, headache, muscle pains, feeling tired, and so on. People feel tired when they get a glu.",Symptons of Bandersnatch include coughing.,"Quark is an infectious disease caused by the monkeypox virus. Quark virus can occur in certain animals, including humans. Humans are mammals. Mammals are animals. Symptons of Quark include fever, headache, muscle pains, feeling tired, and so on. People feel tired when they get a glu.",Symptons of Quark include coughing.,Uncertain,Uncertain,Uncertain,Uncertain
9,"There are six types of wild turkeys: Eastern wild turkey, Osceola wild turkey, Gould’s wild turkey, Merriam’s wild turkey, Rio Grande wild turkey, and Ocellated wild turkey. Tom is not an Eastern wild turkey. Tom is not an Osceola wild turkey. Tom is also not a Gould's wild turkey, or a Merriam's wild turkey, or a Rio Grande wild turkey. Tom is a wild turkey.",Tom is an Ocellated wild turkey.,True,"There are six types of wild turkeys: Vorpal wild turkey, Jubjub wild turkey, Bandersnatch’s wild turkey, Jabberwock wild turkey, Gyre wild turkey, and Tumtum wild turkey. Mome is not an Vorpal wild turkey. Mome is not an Jubjub wild turkey. Mome is also not a Bandersnatch's wild turkey, or a Rath's wild turkey, or a Gyre wild turkey. Mome is a wild turkey.",Mome is an Tumtum wild turkey.,"There are six types of wild turkeys: Ribosome wild turkey, Neutron wild turkey, Nebula’s wild turkey, Electron wild turkey, Galaxy wild turkey, and Enzyme wild turkey. Photon is not an Ribosome wild turkey. Photon is not an Neutron wild turkey. Photon is also not a Nebula's wild turkey, or a Quark's wild turkey, or a Galaxy wild turkey. Photon is a wild turkey.",Photon is an Enzyme wild turkey.,True,True,True,True
10,"There are six types of wild turkeys: Eastern wild turkey, Osceola wild turkey, Gould’s wild turkey, Merriam’s wild turkey, Rio Grande wild turkey, and Ocellated wild turkey. Tom is not an Eastern wild turkey. Tom is not an Osceola wild turkey. Tom is also not a Gould's wild turkey, or a Merriam's wild turkey, or a Rio Grande wild turkey. Tom is a wild turkey.",Tom is an Eastern wild turkey.,False,"There are six types of wild turkeys: Snark wild turkey, Jubjub wild turkey, Jabberwock’s wild turkey, Gyre wild turkey, Bandersnatch wild turkey, and Tumtum wild turkey. Tweequ is not an Snark wild turkey. Tweequ is not an Jubjub wild turkey. Tweequ is also not a Jabberwock's wild turkey, or a Vorpal's wild turkey, or a Bandersnatch wild turkey. Tweequ is a wild turkey.",Tweequ is an Snark wild turkey.,"There are six types of wild turkeys: Ribosome wild turkey, Photon wild turkey, Enzyme’s wild turkey, Quark wild turkey, Electron wild turkey, and Chromosome wild turkey. Mitochondria is not an Ribosome wild turkey. Mitochondria is not an Photon wild turkey. Mitochondria is also not a Enzyme's wild turkey, or a Nebula's wild turkey, or a Electron wild turkey. Mitochondria is a wild turkey.",Mitochondria is an Ribosome wild turkey.,False,False,False,True
11,"There are six types of wild turkeys: Eastern wild turkey, Osceola wild turkey, Gould’s wild turkey, Merriam’s wild turkey, Rio Grande wild turkey, and Ocellated wild turkey. Tom is not an Eastern wild turkey. Tom is not an Osceola wild turkey. Tom is also not a Gould's wild turkey, or a Merriam's wild turkey, or a Rio Grande wild turkey. Tom is a wild turkey.",Joey is a wild turkey.,Uncertain,"There are six types of wild turkeys: Rath wild turkey, Bandersnatch wild turkey, Gyre’s wild turkey, Tweequ wild turkey, Boroogove wild turkey, and Jabberwock wild turkey. Mome is not an Rath wild turkey. Mome is not an Bandersnatch wild turkey. Mome is also not a Gyre's wild turkey, or a Snark's wild turkey, or a Boroogove wild turkey. Mome is a wild turkey.",Vorpal is a wild turkey.,"There are six types of wild turkeys: Electron wild turkey, Ribosome wild turkey, Mitochondria’s wild turkey, Photon wild turkey, Neutron wild turkey, and Enzyme wild turkey. Quark is not an Electron wild turkey. Quark is not an Ribosome wild turkey. Quark is also not a Mitochondria's wild turkey, or a Chromosome's wild turkey, or a Neutron wild turkey. Quark is a wild turkey.",Proton is a wild turkey.,Uncertain,Uncertain,Uncertain,True
12,"A Japanese game company created the game the Legend of Zelda. All games in the Top 10 list are made by Japanese game companies. [BG] If a game sells more than one million copies, then it will be selected into the Top 10 list. The Legend of Zelda sold more than one million copies.",The Legend of Zelda is in the Top 10 list.,True,"A Japanese game company created the game the Legend of Zelda. All games in the Top 10 list are made by Japanese game companies. [BG] If a game sells more than one million copies, then it will be selected into the Top 10 list. The Legend of Zelda sold more than one million copies.",The Legend of Zelda is in the Top 10 list.,"A Japanese game company created the game the Legend of Zelda. All games in the Top 10 list are made by Japanese game companies. [BG] If a game sells more than one million copies, then it will be selected into the Top 10 list. The Legend of Zelda sold more than one million copies.",The Legend of Zelda is in the Top 10 list.,True,True,True,True
13,"A Japanese game company created the game the Legend of Zelda. All games in the Top 10 list are made by Japanese game companies. [BG] If a game sells more than one million copies, then it will be selected into the Top 10 list. The Legend of Zelda sold more than one million copies.",FIFA 22 is made by a Japanese video game company.,Uncertain,"A Japanese game company created the game the Legend of Zelda. All games in the Top 10 list are made by Japanese game companies. [BG] If a game sells more than one million copies, then it will be selected into the Top 10 list. The Legend of Zelda sold more than one million copies.",FIFA 22 is made by a Japanese video game company.,"A Japanese game company created the game the Legend of Zelda. All games in the Top 10 list are made by Japanese game companies. [BG] If a game sells more than one million copies, then it will be selected into the Top 10 list. The Legend of Zelda sold more than one million copies.",FIFA 22 is made by a Japanese video game company.,Uncertain,Uncertain,Uncertain,True
14,"A Japanese game company created the game the Legend of Zelda. All games in the Top 10 list are made by Japanese game companies. [BG] If a game sells more than one million copies, then it will be selected into the Top 10 list. The Legend of Zelda sold more than one million copies.",The Legend of Zelda is not in the Top 10 list.,False,"A Japanese game company created the game the Legend of Zelda. All games in the Top 10 list are made by Japanese game companies. [BG] If a game sells more than one million copies, then it will be selected into the Top 10 list. The Legend of Zelda sold more than one million copies.",The Legend of Zelda is not in the Top 10 list.,"A Japanese game company created the game the Legend of Zelda. All games in the Top 10 list are made by Japanese game companies. [BG] If a game sells more than one million copies, then it will be selected into the Top 10 list. The Legend of Zelda sold more than one million copies.",The Legend of Zelda is not in the Top 10 list.,False,False,False,True
15,All squares have four sides. All four-sided things are shapes. ,All squares are shapes.,True,All squares have four sides. All four-sided things are shapes. ,All squares are shapes.,All squares have four sides. All four-sided things are shapes. ,All squares are shapes.,True,True,True,True
16,"All rabbits are cute.  Some turtles exist.  An animal is either a rabbit or a squirrel. If something is skittish, then it is not still. All squirrels are skittish. Rock is still.",Rock is a turtle.,Uncertain,"All rabbits are cute.  Some turtles exist.  An animal is either a rabbit or a squirrel. If something is skittish, then it is not still. All squirrels are skittish. Rock is still.",Rock is a turtle.,"All rabbits are cute.  Some turtles exist.  An animal is either a rabbit or a squirrel. If something is skittish, then it is not still. All squirrels are skittish. Rock is still.",Rock is a turtle.,Uncertain,Uncertain,Uncertain,Uncertain
17,"All rabbits are cute.  Some turtles exist.  An animal is either a rabbit or a squirrel. If something is skittish, then it is not still. All squirrels are skittish. Rock is still.",Rock is not a turtle.,Uncertain,"All rabbits are cute.  Some turtles exist.  An animal is either a rabbit or a squirrel. If something is skittish, then it is not still. All squirrels are skittish. Rock is still.",Rock is not a turtle.,"All rabbits are cute.  Some turtles exist.  An animal is either a rabbit or a squirrel. If something is skittish, then it is not still. All squirrels are skittish. Rock is still.",Rock is not a turtle.,False,False,False,True
18,"All rabbits are cute.  Some turtles exist.  An animal is either a rabbit or a squirrel. If something is skittish, then it is not still. All squirrels are skittish. Rock is still.",Rock is a turtle or cute.,True,"All rabbits are cute.  Some turtles exist.  An animal is either a rabbit or a squirrel. If something is skittish, then it is not still. All squirrels are skittish. Rock is still.",Rock is a turtle or cute.,"All rabbits are cute.  Some turtles exist.  An animal is either a rabbit or a squirrel. If something is skittish, then it is not still. All squirrels are skittish. Rock is still.",Rock is a turtle or cute.,Uncertain,Uncertain,Uncertain,Uncertain
19,"All rabbits are cute.  Some turtles exist.  An animal is either a rabbit or a squirrel. If something is skittish, then it is not still. All squirrels are skittish. Rock is still.","If Rock is not both a turtle and a squirrel, then Rock is either cute or skittish.",True,"All rabbits are cute.  Some turtles exist.  An animal is either a rabbit or a squirrel. If something is skittish, then it is not still. All squirrels are skittish. Tweequ is still.","If Tweequ is not both a turtle and a squirrel, then Tweequ is either cute or skittish.","All rabbits are cute.  Some turtles exist.  An animal is either a rabbit or a squirrel. If something is skittish, then it is not still. All squirrels are skittish. Enzyme is still.","If Enzyme is not both a turtle and a squirrel, then Enzyme is either cute or skittish.",True,True,True,True
20,"All rabbits are cute.  Some turtles exist.  An animal is either a rabbit or a squirrel. If something is skittish, then it is not still. All squirrels are skittish. Rock is still.","If Rock is cute and still, then Rock is a turtle and skittish.",False,"All rabbits are cute.  Some turtles exist.  An animal is either a rabbit or a squirrel. If something is skittish, then it is not still. All squirrels are skittish. Jabberwock is still.","If Jabberwock is cute and still, then Jabberwock is a turtle and skittish.","All rabbits are cute.  Some turtles exist.  An animal is either a rabbit or a squirrel. If something is skittish, then it is not still. All squirrels are skittish. Nebula is still.","If Nebula is cute and still, then Nebula is a turtle and skittish.",Uncertain,Uncertain,Uncertain,Uncertain
21,"""Stranger Things"" is a popular Netflix show. If a Netflix show is popular, Karen will binge-watch it. If and only if Karen binge-watches a Netflix show, she will download it. Karen does not download ""Black Mirror"". ""Black Mirror"" is a Netflix show. If Karen binge-watches a Netflix show, she will share it to Lisa.","Karen will share ""Stranger Things"" to Lisa.",True,"""Stranger Things"" is a popular Jubjub show. If a Jubjub show is popular, Tumtum will binge-watch it. If and only if Tumtum binge-watches a Jubjub show, she will download it. Tumtum does not download ""Black Mirror"". ""Black Mirror"" is a Jubjub show. If Tumtum binge-watches a Jubjub show, she will share it to Rath.","Tumtum will share ""Stranger Things"" to Rath.","""Stranger Things"" is a popular Quark show. If a Quark show is popular, Chromosome will binge-watch it. If and only if Chromosome binge-watches a Quark show, she will download it. Chromosome does not download ""Black Mirror"". ""Black Mirror"" is a Quark show. If Chromosome binge-watches a Quark show, she will share it to Electron.","Chromosome will share ""Stranger Things"" to Electron.",True,True,True,True
22,"""Stranger Things"" is a popular Netflix show. If a Netflix show is popular, Karen will binge-watch it. If and only if Karen binge-watches a Netflix show, she will download it. Karen does not download ""Black Mirror"". ""Black Mirror"" is a Netflix show. If Karen binge-watches a Netflix show, she will share it to Lisa.","""Black Mirror"" is popular.",False,"""Stranger Things"" is a popular Gyre show. If a Gyre show is popular, Jabberwock will binge-watch it. If and only if Jabberwock binge-watches a Gyre show, she will download it. Jabberwock does not download ""Black Mirror"". ""Black Mirror"" is a Gyre show. If Jabberwock binge-watches a Gyre show, she will share it to Snark.","""Black Mirror"" is popular.","""Stranger Things"" is a popular Chromosome show. If a Chromosome show is popular, Quark will binge-watch it. If and only if Quark binge-watches a Chromosome show, she will download it. Quark does not download ""Black Mirror"". ""Black Mirror"" is a Chromosome show. If Quark binge-watches a Chromosome show, she will share it to Neutron.","""Black Mirror"" is popular.",Uncertain,Uncertain,Uncertain,Uncertain
23,"""Stranger Things"" is a popular Netflix show. If a Netflix show is popular, Karen will binge-watch it. If and only if Karen binge-watches a Netflix show, she will download it. Karen does not download ""Black Mirror"". ""Black Mirror"" is a Netflix show. If Karen binge-watches a Netflix show, she will share it to Lisa.","Karen will share ""Black Mirror"" to Lisa.",Uncertain,"""Stranger Things"" is a popular Tumtum show. If a Tumtum show is popular, Mome will binge-watch it. If and only if Mome binge-watches a Tumtum show, she will download it. Mome does not download ""Black Mirror"". ""Black Mirror"" is a Tumtum show. If Mome binge-watches a Tumtum show, she will share it to Rath.","Mome will share ""Black Mirror"" to Rath.","""Stranger Things"" is a popular Mitochondria show. If a Mitochondria show is popular, Ribosome will binge-watch it. If and only if Ribosome binge-watches a Mitochondria show, she will download it. Ribosome does not download ""Black Mirror"". ""Black Mirror"" is a Mitochondria show. If Ribosome binge-watches a Mitochondria show, she will share it to Electron.","Ribosome will share ""Black Mirror"" to Electron.",Uncertain,False,Uncertain,Uncertain
24,"Beijing is the capital of the People's Republic of China.  Beijing is the world's most populous national capital city. Beijing is located in Northern China. Beijing hosted the 2008 Summer Olympics and 2008 Summer Paralympics Games. Beijing has hosted both the Summer and Winter Olympics, along with the Summer and Winter Paralympics Many of Beijing's 91 universities consistently rank among the best in the Asia-Pacific and the world.",Beijing has hosted both the 2008 Summer Olympics and a winter olympics.,True,"Jabberwock is the capital of Jubjub.  Jabberwock is the world's most populous national capital city. Jabberwock is located in Northern China. Jabberwock hosted the 2008 Summer Olympics and 2008 Summer Paralympics Games. Jabberwock has hosted both the Summer and Winter Olympics, along with the Summer and Winter Paralympics Many of Jabberwock's 91 universities consistently rank among the best in the Asia-Pacific and the world.",Jabberwock has hosted both the 2008 Summer Olympics and a winter olympics.,"Ribosome is the capital of Galaxy.  Ribosome is the world's most populous national capital city. Ribosome is located in Northern China. Ribosome hosted the 2008 Summer Olympics and 2008 Summer Paralympics Games. Ribosome has hosted both the Summer and Winter Olympics, along with the Summer and Winter Paralympics Many of Ribosome's 91 universities consistently rank among the best in the Asia-Pacific and the world.",Ribosome has hosted both the 2008 Summer Olympics and a winter olympics.,True,True,True,True
25,"Beijing is the capital of the People's Republic of China.  Beijing is the world's most populous national capital city. Beijing is located in Northern China. Beijing hosted the 2008 Summer Olympics and 2008 Summer Paralympics Games. Beijing has hosted both the Summer and Winter Olympics, along with the Summer and Winter Paralympics Many of Beijing's 91 universities consistently rank among the best in the Asia-Pacific and the world.",Beijing is located in southern China.,Uncertain,"Tweequ is the capital of Gyre.  Tweequ is the world's most populous national capital city. Tweequ is located in Northern Bandersnatch. Tweequ hosted the 2008 Summer Olympics and 2008 Summer Paralympics Games. Tweequ has hosted both the Summer and Winter Olympics, along with the Summer and Winter Paralympics Many of Tweequ's 91 universities consistently rank among the best in the Asia-Pacific and the world.",Tweequ is located in southern Bandersnatch.,"Galaxy is the capital of Nebula.  Galaxy is the world's most populous national capital city. Galaxy is located in Northern Mitochondria. Galaxy hosted the 2008 Summer Olympics and 2008 Summer Paralympics Games. Galaxy has hosted both the Summer and Winter Olympics, along with the Summer and Winter Paralympics Many of Galaxy's 91 universities consistently rank among the best in the Asia-Pacific and the world.",Galaxy is located in southern Mitochondria.,False,False,Uncertain,Uncertain
26,"Beijing is the capital of the People's Republic of China.  Beijing is the world's most populous national capital city. Beijing is located in Northern China. Beijing hosted the 2008 Summer Olympics and 2008 Summer Paralympics Games. Beijing has hosted both the Summer and Winter Olympics, along with the Summer and Winter Paralympics Many of Beijing's 91 universities consistently rank among the best in the Asia-Pacific and the world.",Beijing is the second largest Chinese city by urban population.,Uncertain,"Bandersnatch is the capital of Boroogove.  Bandersnatch is the world's most populous national capital city. Bandersnatch is located in Northern China. Bandersnatch hosted the 2008 Summer Olympics and 2008 Summer Paralympics Games. Bandersnatch has hosted both the Summer and Winter Olympics, along with the Summer and Winter Paralympics Many of Bandersnatch's 91 universities consistently rank among the best in the Asia-Pacific and the world.",Bandersnatch is the second largest Chinese city by urban population.,"Chromosome is the capital of Neutron.  Chromosome is the world's most populous national capital city. Chromosome is located in Northern China. Chromosome hosted the 2008 Summer Olympics and 2008 Summer Paralympics Games. Chromosome has hosted both the Summer and Winter Olympics, along with the Summer and Winter Paralympics Many of Chromosome's 91 universities consistently rank among the best in the Asia-Pacific and the world.",Chromosome is the second largest Chinese city by urban population.,Uncertain,Uncertain,Uncertain,Uncertain
27,"All aliens are extraterrestrial. If someone is from Mars, then they are aliens. No extraterrestrial is human. Everyone from Earth is a human. Marvin cannot be from Earth and from Mars. If Marvin is not from Earth, then Marvin is an extraterrestrial.",Marvin is an alien.,False,"All aliens are extraterrestrial. If someone is from Mars, then they are aliens. No extraterrestrial is human. Everyone from Earth is a human. Rath cannot be from Earth and from Mars. If Rath is not from Earth, then Rath is an extraterrestrial.",Rath is an alien.,"All aliens are extraterrestrial. If someone is from Mars, then they are aliens. No extraterrestrial is human. Everyone from Earth is a human. Mitochondria cannot be from Earth and from Mars. If Mitochondria is not from Earth, then Mitochondria is an extraterrestrial.",Mitochondria is an alien.,True,True,True,Uncertain
28,"All aliens are extraterrestrial. If someone is from Mars, then they are aliens. No extraterrestrial is human. Everyone from Earth is a human. Marvin cannot be from Earth and from Mars. If Marvin is not from Earth, then Marvin is an extraterrestrial.",Marvin is neither a human nor from Mars.,True,"All aliens are extraterrestrial. If someone is from Mars, then they are aliens. No extraterrestrial is human. Everyone from Earth is a human. Jabberwock cannot be from Earth and from Mars. If Jabberwock is not from Earth, then Jabberwock is an extraterrestrial.",Jabberwock is neither a human nor from Mars.,"All aliens are extraterrestrial. If someone is from Mars, then they are aliens. No extraterrestrial is human. Everyone from Earth is a human. Nebula cannot be from Earth and from Mars. If Nebula is not from Earth, then Nebula is an extraterrestrial.",Nebula is neither a human nor from Mars.,True,True,True,Uncertain
29,"All aliens are extraterrestrial. If someone is from Mars, then they are aliens. No extraterrestrial is human. Everyone from Earth is a human. Marvin cannot be from Earth and from Mars. If Marvin is not from Earth, then Marvin is an extraterrestrial.","If Marvin is not from Mars, then Marvin is a human.",Uncertain,"All aliens are extraterrestrial. If someone is from Mars, then they are aliens. No extraterrestrial is human. Everyone from Earth is a human. Jubjub cannot be from Earth and from Mars. If Jubjub is not from Earth, then Jubjub is an extraterrestrial.","If Jubjub is not from Mars, then Jubjub is a human.","All aliens are extraterrestrial. If someone is from Mars, then they are aliens. No extraterrestrial is human. Everyone from Earth is a human. Proton cannot be from Earth and from Mars. If Proton is not from Earth, then Proton is an extraterrestrial.","If Proton is not from Mars, then Proton is a human.",True,True,True,True
30,"A person is either a Grand Slam champion or an Oscar-nominated actor. All people who are Grand Slam champions are professional tennis players. All Oscar-nominated actors are celebrities. All professional tennis players are athletes. If a person is a celebrity then they are well paid. If a person is an athlete then they are famous. All well-paid people live in tax havens. If Djokovic is famous and is an athlete, then Djokovic lives in well paid.",Djokovic is a Grand Slam champion.,Uncertain,"A person is either a Bandersnatch champion or an Snark-nominated actor. All people who are Bandersnatch champions are professional tennis players. All Snark-nominated actors are celebrities. All professional tennis players are athletes. If a person is a celebrity then they are well paid. If a person is an athlete then they are famous. All well-paid people live in tax havens. If Mome is famous and is an athlete, then Mome lives in well paid.",Mome is a Bandersnatch champion.,"A person is either a Enzyme champion or an Chromosome-nominated actor. All people who are Enzyme champions are professional tennis players. All Chromosome-nominated actors are celebrities. All professional tennis players are athletes. If a person is a celebrity then they are well paid. If a person is an athlete then they are famous. All well-paid people live in tax havens. If Mitochondria is famous and is an athlete, then Mitochondria lives in well paid.",Mitochondria is a Enzyme champion.,True,Uncertain,Uncertain,Uncertain
31,"A person is either a Grand Slam champion or an Oscar-nominated actor. All people who are Grand Slam champions are professional tennis players. All Oscar-nominated actors are celebrities. All professional tennis players are athletes. If a person is a celebrity then they are well paid. If a person is an athlete then they are famous. All well-paid people live in tax havens. If Djokovic is famous and is an athlete, then Djokovic lives in well paid.",Djokovic lives in a tax haven.,True,"A person is either a Tweequ champion or an Gyre-nominated actor. All people who are Tweequ champions are professional tennis players. All Gyre-nominated actors are celebrities. All professional tennis players are athletes. If a person is a celebrity then they are well paid. If a person is an athlete then they are famous. All well-paid people live in tax havens. If Bandersnatch is famous and is an athlete, then Bandersnatch lives in well paid.",Bandersnatch lives in a tax haven.,"A person is either a Mitochondria champion or an Quark-nominated actor. All people who are Mitochondria champions are professional tennis players. All Quark-nominated actors are celebrities. All professional tennis players are athletes. If a person is a celebrity then they are well paid. If a person is an athlete then they are famous. All well-paid people live in tax havens. If Galaxy is famous and is an athlete, then Galaxy lives in well paid.",Galaxy lives in a tax haven.,True,True,True,True
32,"A person is either a Grand Slam champion or an Oscar-nominated actor. All people who are Grand Slam champions are professional tennis players. All Oscar-nominated actors are celebrities. All professional tennis players are athletes. If a person is a celebrity then they are well paid. If a person is an athlete then they are famous. All well-paid people live in tax havens. If Djokovic is famous and is an athlete, then Djokovic lives in well paid.",Djokovic does not live in a tax haven.,False,"A person is either a Tweequ champion or an Rath-nominated actor. All people who are Tweequ champions are professional tennis players. All Rath-nominated actors are celebrities. All professional tennis players are athletes. If a person is a celebrity then they are well paid. If a person is an athlete then they are famous. All well-paid people live in tax havens. If Snark is famous and is an athlete, then Snark lives in well paid.",Snark does not live in a tax haven.,"A person is either a Enzyme champion or an Electron-nominated actor. All people who are Enzyme champions are professional tennis players. All Electron-nominated actors are celebrities. All professional tennis players are athletes. If a person is a celebrity then they are well paid. If a person is an athlete then they are famous. All well-paid people live in tax havens. If Galaxy is famous and is an athlete, then Galaxy lives in well paid.",Galaxy does not live in a tax haven.,True,Uncertain,Uncertain,True
33,"Diamond Mine is a professional wrestling stable, formed in WWE. Roderick Strong leads Diamond Mine. Diamond Mine includes the Creed Brothers, and Ivy Nile. Imperium has a feud with Diamond Mine.",Roderick strong leads a professional wrestling stable.,True,"Tweequ is a professional wrestling stable, formed in Snark. Jabberwock leads Tweequ. Tweequ includes Rath, and Ivy Nile. Imperium has a feud with Tweequ.",Roderick strong leads a professional wrestling stable.,"Mitochondria is a professional wrestling stable, formed in Galaxy. Quark leads Mitochondria. Mitochondria includes Ribosome, and Ivy Nile. Imperium has a feud with Mitochondria.",Roderick strong leads a professional wrestling stable.,True,Uncertain,Uncertain,Uncertain
34,"Diamond Mine is a professional wrestling stable, formed in WWE. Roderick Strong leads Diamond Mine. Diamond Mine includes the Creed Brothers, and Ivy Nile. Imperium has a feud with Diamond Mine.",Roderick strong leads the Creed Brothers.,Uncertain,"Gyre is a professional wrestling stable, formed in Bandersnatch. Vorpal leads Gyre. Gyre includes Snark, and Ivy Nile. Imperium has a feud with Gyre.",Roderick strong leads Snark.,"Enzyme is a professional wrestling stable, formed in Proton. Ribosome leads Enzyme. Enzyme includes Mitochondria, and Ivy Nile. Imperium has a feud with Enzyme.",Roderick strong leads Mitochondria.,Uncertain,Uncertain,Uncertain,Uncertain
35,"Diamond Mine is a professional wrestling stable, formed in WWE. Roderick Strong leads Diamond Mine. Diamond Mine includes the Creed Brothers, and Ivy Nile. Imperium has a feud with Diamond Mine.",Imperium doesn't have a feud with a professional wrestling stable that includes Ivy Nile.,False,"Bandersnatch is a professional wrestling stable, formed in Boroogove. Tumtum leads Bandersnatch. Bandersnatch includes Vorpal, and Ivy Nile. Imperium has a feud with Bandersnatch.",Imperium doesn't have a feud with a professional wrestling stable that includes Ivy Nile.,"Enzyme is a professional wrestling stable, formed in Nebula. Photon leads Enzyme. Enzyme includes Mitochondria, and Ivy Nile. Imperium has a feud with Enzyme.",Imperium doesn't have a feud with a professional wrestling stable that includes Ivy Nile.,Uncertain,Uncertain,False,True
36,Symphony No. 9 is a music piece. Composers write music pieces. Beethoven wrote Symphony No. 9. Vienna Music Society premiered Symphony No. 9. Vienna Music Society is an orchestra. Beethoven leads the Vienna Music Society. Orchestras are led by conductors.,Beethoven is a composer.,True,Jubjub. 9 is a music piece. Composers write music pieces. Beethoven wrote Jubjub. 9. Vorpal premiered Jubjub. 9. Vorpal is an orchestra. Beethoven leads Gyre. Rath are led by conductors.,Beethoven is a composer.,Enzyme. 9 is a music piece. Composers write music pieces. Beethoven wrote Enzyme. 9. Electron premiered Enzyme. 9. Electron is an orchestra. Beethoven leads Chromosome. Photon are led by conductors.,Beethoven is a composer.,True,True,True,True
37,Symphony No. 9 is a music piece. Composers write music pieces. Beethoven wrote Symphony No. 9. Vienna Music Society premiered Symphony No. 9. Vienna Music Society is an orchestra. Beethoven leads the Vienna Music Society. Orchestras are led by conductors.,Some orchestras premiered music pieces.,True,Vorpal. 9 is a music piece. Composers write music pieces. Beethoven wrote Vorpal. 9. Mome premiered Vorpal. 9. Mome is an orchestra. Beethoven leads Snark. Jubjub are led by conductors.,Some orchestras premiered music pieces.,Photon. 9 is a music piece. Composers write music pieces. Beethoven wrote Photon. 9. Galaxy premiered Photon. 9. Galaxy is an orchestra. Beethoven leads Nebula. Mitochondria are led by conductors.,Some orchestras premiered music pieces.,True,True,True,True
38,Symphony No. 9 is a music piece. Composers write music pieces. Beethoven wrote Symphony No. 9. Vienna Music Society premiered Symphony No. 9. Vienna Music Society is an orchestra. Beethoven leads the Vienna Music Society. Orchestras are led by conductors.,Beethoven is not a conductor.,False,Snark. 9 is a music piece. Composers write music pieces. Beethoven wrote Snark. 9. Mome premiered Snark. 9. Mome is an orchestra. Beethoven leads Vorpal. Bandersnatch are led by conductors.,Beethoven is not a conductor.,Ribosome. 9 is a music piece. Composers write music pieces. Beethoven wrote Ribosome. 9. Chromosome premiered Ribosome. 9. Chromosome is an orchestra. Beethoven leads Photon. Nebula are led by conductors.,Beethoven is not a conductor.,False,False,False,True
39,"All of Zaha Hadid's design styles are timeless. No mass product design is timeless. Either Zaha Hadid's design style or Kelly Wearstler's design style.  All of Kelly Wearstler's design styles are evocative. All of Kelly Wearstler's design styles are dreamy. If a design by Max is timeless, then a design by Max is a mass product design and evocative.",A design by Max is a mass product design.,Uncertain,"All of Mome design styles are timeless. No mass product design is timeless. Either Mome design style or Jabberwock design style.  All of Jabberwock design styles are evocative. All of Jabberwock design styles are dreamy. If a design by Boroogove is timeless, then a design by Boroogove is a mass product design and evocative.",A design by Boroogove is a mass product design.,"All of Mitochondria design styles are timeless. No mass product design is timeless. Either Mitochondria design style or Chromosome design style.  All of Chromosome design styles are evocative. All of Chromosome design styles are dreamy. If a design by Proton is timeless, then a design by Proton is a mass product design and evocative.",A design by Proton is a mass product design.,Uncertain,True,True,True
40,"All of Zaha Hadid's design styles are timeless. No mass product design is timeless. Either Zaha Hadid's design style or Kelly Wearstler's design style.  All of Kelly Wearstler's design styles are evocative. All of Kelly Wearstler's design styles are dreamy. If a design by Max is timeless, then a design by Max is a mass product design and evocative.",A design by Max is evocative and dreamy.,True,"All of Tumtum design styles are timeless. No mass product design is timeless. Either Tumtum design style or Jubjub design style.  All of Jubjub design styles are evocative. All of Jubjub design styles are dreamy. If a design by Mome is timeless, then a design by Mome is a mass product design and evocative.",A design by Mome is evocative and dreamy.,"All of Enzyme design styles are timeless. No mass product design is timeless. Either Enzyme design style or Quark design style.  All of Quark design styles are evocative. All of Quark design styles are dreamy. If a design by Electron is timeless, then a design by Electron is a mass product design and evocative.",A design by Electron is evocative and dreamy.,True,True,True,True
41,"All of Zaha Hadid's design styles are timeless. No mass product design is timeless. Either Zaha Hadid's design style or Kelly Wearstler's design style.  All of Kelly Wearstler's design styles are evocative. All of Kelly Wearstler's design styles are dreamy. If a design by Max is timeless, then a design by Max is a mass product design and evocative.",A design by Max is either evocative or dreamy.,False,"All of Mome design styles are timeless. No mass product design is timeless. Either Mome design style or Rath design style.  All of Rath design styles are evocative. All of Rath design styles are dreamy. If a design by Tumtum is timeless, then a design by Tumtum is a mass product design and evocative.",A design by Tumtum is either evocative or dreamy.,"All of Mitochondria design styles are timeless. No mass product design is timeless. Either Mitochondria design style or Ribosome design style.  All of Ribosome design styles are evocative. All of Ribosome design styles are dreamy. If a design by Neutron is timeless, then a design by Neutron is a mass product design and evocative.",A design by Neutron is either evocative or dreamy.,Uncertain,True,True,True
42,"If a player is ranked highly by the Women's Tennis Association, then they are among the most active players in major tennis.  Everyone who lost to Iga Świątek is ranked highly by the Women's Tennis Association. All female tennis players at Roland Garros 2022 lost to Iga Świątek. Either female tennis players at Roland Garros 2022 or male tennis players at Roland Garros 2022.  All male tennis players at Roland Garros 2022 lost to Rafael Nadal. If Coco Gauff is a player who is ranked highly by the Women's Tennis Association or a player who lost to Rafael Nadal, then Coco Gauff is not a male tennis player at Roland Garros 2022.",Coco Gauff is among the most active players in major tennis.,True,"If a player is ranked highly by Bandersnatch, then they are among the most active players in major tennis.  Everyone who lost to Rath is ranked highly by Bandersnatch. All female tennis players at Boroogove lost to Rath. Either female tennis players at Boroogove or male tennis players at Boroogove.  All male tennis players at Boroogove lost to Vorpal. If Jabberwock is a player who is ranked highly by Bandersnatch or a player who lost to Vorpal, then Jabberwock is not a male tennis player at Boroogove.",Jabberwock is among the most active players in major tennis.,"If a player is ranked highly by Electron, then they are among the most active players in major tennis.  Everyone who lost to Photon is ranked highly by Electron. All female tennis players at Chromosome lost to Photon. Either female tennis players at Chromosome or male tennis players at Chromosome.  All male tennis players at Chromosome lost to Enzyme. If Quark is a player who is ranked highly by Electron or a player who lost to Enzyme, then Quark is not a male tennis player at Chromosome.",Quark is among the most active players in major tennis.,Uncertain,Uncertain,Uncertain,True
43,"If a player is ranked highly by the Women's Tennis Association, then they are among the most active players in major tennis.  Everyone who lost to Iga Świątek is ranked highly by the Women's Tennis Association. All female tennis players at Roland Garros 2022 lost to Iga Świątek. Either female tennis players at Roland Garros 2022 or male tennis players at Roland Garros 2022.  All male tennis players at Roland Garros 2022 lost to Rafael Nadal. If Coco Gauff is a player who is ranked highly by the Women's Tennis Association or a player who lost to Rafael Nadal, then Coco Gauff is not a male tennis player at Roland Garros 2022.",Coco Gauff has lost to Rafael Nadal.,Uncertain,"If a player is ranked highly by Bandersnatch, then they are among the most active players in major tennis.  Everyone who lost to Snark is ranked highly by Bandersnatch. All female tennis players at Boroogove lost to Snark. Either female tennis players at Boroogove or male tennis players at Boroogove.  All male tennis players at Boroogove lost to Jabberwock. If Mome is a player who is ranked highly by Bandersnatch or a player who lost to Jabberwock, then Mome is not a male tennis player at Boroogove.",Mome has lost to Jabberwock.,"If a player is ranked highly by Galaxy, then they are among the most active players in major tennis.  Everyone who lost to Mitochondria is ranked highly by Galaxy. All female tennis players at Proton lost to Mitochondria. Either female tennis players at Proton or male tennis players at Proton.  All male tennis players at Proton lost to Chromosome. If Neutron is a player who is ranked highly by Galaxy or a player who lost to Chromosome, then Neutron is not a male tennis player at Proton.",Neutron has lost to Chromosome.,True,Uncertain,True,Uncertain
44,"If a player is ranked highly by the Women's Tennis Association, then they are among the most active players in major tennis.  Everyone who lost to Iga Świątek is ranked highly by the Women's Tennis Association. All female tennis players at Roland Garros 2022 lost to Iga Świątek. Either female tennis players at Roland Garros 2022 or male tennis players at Roland Garros 2022.  All male tennis players at Roland Garros 2022 lost to Rafael Nadal. If Coco Gauff is a player who is ranked highly by the Women's Tennis Association or a player who lost to Rafael Nadal, then Coco Gauff is not a male tennis player at Roland Garros 2022.",Coco Gauff is not a player who lost to Iga Świątek or one of the most active players in major tennis.,False,"If a player is ranked highly by Boroogove, then they are among the most active players in major tennis.  Everyone who lost to Bandersnatch is ranked highly by Boroogove. All female tennis players at Tweequ lost to Bandersnatch. Either female tennis players at Tweequ or male tennis players at Tweequ.  All male tennis players at Tweequ lost to Tumtum. If Jubjub is a player who is ranked highly by Boroogove or a player who lost to Tumtum, then Jubjub is not a male tennis player at Tweequ.",Jubjub is not a player who lost to Bandersnatch or one of the most active players in major tennis.,"If a player is ranked highly by Electron, then they are among the most active players in major tennis.  Everyone who lost to Chromosome is ranked highly by Electron. All female tennis players at Ribosome lost to Chromosome. Either female tennis players at Ribosome or male tennis players at Ribosome.  All male tennis players at Ribosome lost to Proton. If Photon is a player who is ranked highly by Electron or a player who lost to Proton, then Photon is not a male tennis player at Ribosome.",Photon is not a player who lost to Chromosome or one of the most active players in major tennis.,Uncertain,Uncertain,Uncertain,Uncertain
45,All cats are mammals. Some pets are not mammals.,No pets are cats.,Uncertain,All cats are mammals. Some pets are not mammals.,No pets are cats.,All cats are mammals. Some pets are not mammals.,No pets are cats.,True,True,True,True
46,"[BG] There are four seasons in a year: Spring, Summer, Fall, and Winter. All students who want to have a long vacation love summer the most. Emma's favorite season is summer. Mia's favorite season is not the same as Emma's.  James wants to have a long vacation.",James's favorite season is summer.,True,"[BG] There are four seasons in a year: Spring, Summer, Fall, and Winter. All students who want to have a long vacation love summer the most. Tweequ's favorite season is summer. Jubjub's favorite season is not the same as Tweequ's.  Tumtum wants to have a long vacation.",Tumtum's favorite season is summer.,"[BG] There are four seasons in a year: Spring, Summer, Fall, and Winter. All students who want to have a long vacation love summer the most. Galaxy's favorite season is summer. Photon's favorite season is not the same as Galaxy's.  Chromosome wants to have a long vacation.",Chromosome's favorite season is summer.,True,True,Uncertain,True
47,"[BG] There are four seasons in a year: Spring, Summer, Fall, and Winter. All students who want to have a long vacation love summer the most. Emma's favorite season is summer. Mia's favorite season is not the same as Emma's.  James wants to have a long vacation.",James's favorite season is fall.,False,"[BG] There are four seasons in a year: Spring, Summer, Fall, and Winter. All students who want to have a long vacation love summer the most. Rath's favorite season is summer. Snark's favorite season is not the same as Rath's.  Jubjub wants to have a long vacation.",Jubjub's favorite season is fall.,"[BG] There are four seasons in a year: Spring, Summer, Fall, and Winter. All students who want to have a long vacation love summer the most. Photon's favorite season is summer. Enzyme's favorite season is not the same as Photon's.  Chromosome wants to have a long vacation.",Chromosome's favorite season is fall.,Uncertain,Uncertain,Uncertain,Uncertain
48,"[BG] There are four seasons in a year: Spring, Summer, Fall, and Winter. All students who want to have a long vacation love summer the most. Emma's favorite season is summer. Mia's favorite season is not the same as Emma's.  James wants to have a long vacation.",Mia's favorite season is spring.,Uncertain,"[BG] There are four seasons in a year: Spring, Summer, Fall, and Winter. All students who want to have a long vacation love summer the most. Tweequ's favorite season is summer. Boroogove's favorite season is not the same as Tweequ's.  Gyre wants to have a long vacation.",Boroogove's favorite season is spring.,"[BG] There are four seasons in a year: Spring, Summer, Fall, and Winter. All students who want to have a long vacation love summer the most. Enzyme's favorite season is summer. Electron's favorite season is not the same as Enzyme's.  Chromosome wants to have a long vacation.",Electron's favorite season is spring.,Uncertain,Uncertain,Uncertain,Uncertain
49,"No digital media are analog. Every printed text is analog. All streaming services are digital. If an object is a hardcover book then it is printed text. If 1984 is a streaming service, then 1984 is a hardcover book.",1984 is printed text.,Uncertain,"No digital media are analog. Every printed text is analog. All streaming services are digital. If an object is a hardcover book then it is printed text. If 1984 is a streaming service, then 1984 is a hardcover book.",1984 is printed text.,"No digital media are analog. Every printed text is analog. All streaming services are digital. If an object is a hardcover book then it is printed text. If 1984 is a streaming service, then 1984 is a hardcover book.",1984 is printed text.,True,True,True,True
50,"No digital media are analog. Every printed text is analog. All streaming services are digital. If an object is a hardcover book then it is printed text. If 1984 is a streaming service, then 1984 is a hardcover book.",1984 is a streaming service.,False,"No digital media are analog. Every printed text is analog. All streaming services are digital. If an object is a hardcover book then it is printed text. If 1984 is a streaming service, then 1984 is a hardcover book.",1984 is a streaming service.,"No digital media are analog. Every printed text is analog. All streaming services are digital. If an object is a hardcover book then it is printed text. If 1984 is a streaming service, then 1984 is a hardcover book.",1984 is a streaming service.,Uncertain,Uncertain,Uncertain,Uncertain
51,"No digital media are analog. Every printed text is analog. All streaming services are digital. If an object is a hardcover book then it is printed text. If 1984 is a streaming service, then 1984 is a hardcover book.",1984 is not a streaming service.,True,"No digital media are analog. Every printed text is analog. All streaming services are digital. If an object is a hardcover book then it is printed text. If 1984 is a streaming service, then 1984 is a hardcover book.",1984 is not a streaming service.,"No digital media are analog. Every printed text is analog. All streaming services are digital. If an object is a hardcover book then it is printed text. If 1984 is a streaming service, then 1984 is a hardcover book.",1984 is not a streaming service.,False,False,False,True
52,All Romance languages are Indo-European languages. The Romance languages are a language family. All languages within a language family are related to each other. French and Spanish are both Romance languages. German is related to Spanish. Basque is not related to any other language.,Basque is a Romance language.,False,All Mome languages are Indo-European languages. The Mome languages are a language family. All languages within a language family are related to each other. French and Spanish are both Mome languages. German is related to Spanish. Basque is not related to any other language.,Basque is a Mome language.,All Galaxy languages are Indo-European languages. The Galaxy languages are a language family. All languages within a language family are related to each other. French and Spanish are both Galaxy languages. German is related to Spanish. Basque is not related to any other language.,Basque is a Galaxy language.,Uncertain,Uncertain,Uncertain,True
53,All Romance languages are Indo-European languages. The Romance languages are a language family. All languages within a language family are related to each other. French and Spanish are both Romance languages. German is related to Spanish. Basque is not related to any other language.,German is a Romance language.,Uncertain,All Bandersnatch languages are Indo-European languages. The Bandersnatch languages are a language family. All languages within a language family are related to each other. French and Spanish are both Bandersnatch languages. German is related to Spanish. Basque is not related to any other language.,German is a Bandersnatch language.,All Neutron languages are Indo-European languages. The Neutron languages are a language family. All languages within a language family are related to each other. French and Spanish are both Neutron languages. German is related to Spanish. Basque is not related to any other language.,German is a Neutron language.,False,True,Uncertain,True
54,All Romance languages are Indo-European languages. The Romance languages are a language family. All languages within a language family are related to each other. French and Spanish are both Romance languages. German is related to Spanish. Basque is not related to any other language.,French is an Indo-European language.,True,All Jubjub languages are Indo-European languages. The Jubjub languages are a language family. All languages within a language family are related to each other. French and Spanish are both Jubjub languages. German is related to Spanish. Basque is not related to any other language.,French is an Indo-European language.,All Galaxy languages are Indo-European languages. The Galaxy languages are a language family. All languages within a language family are related to each other. French and Spanish are both Galaxy languages. German is related to Spanish. Basque is not related to any other language.,French is an Indo-European language.,True,True,True,True
55,Robert Lewandowski is a striker. [BG] Strikers are soccer players. Robert Lewandowski left Bayern Munchen. [BG] If a player left a team they no longer play for that team.,Robert Lewandowski is a soccer player.,True,Jubjub is a striker. [Tweequ are soccer players. Jubjub left Bayern Munchen. [BG] If a player left a team they no longer play for that team.,Jubjub is a soccer player.,Proton is a striker. [Mitochondria are soccer players. Proton left Bayern Munchen. [BG] If a player left a team they no longer play for that team.,Proton is a soccer player.,True,True,True,True
56,Robert Lewandowski is a striker. [BG] Strikers are soccer players. Robert Lewandowski left Bayern Munchen. [BG] If a player left a team they no longer play for that team.,Robert Lewandowski plays for Bayern Munchen.,False,Jabberwock is a striker. [Tweequ are soccer players. Jabberwock left Bayern Munchen. [BG] If a player left a team they no longer play for that team.,Jabberwock plays for Bayern Munchen.,Photon is a striker. [Proton are soccer players. Photon left Bayern Munchen. [BG] If a player left a team they no longer play for that team.,Photon plays for Bayern Munchen.,False,False,False,False
57,Robert Lewandowski is a striker. [BG] Strikers are soccer players. Robert Lewandowski left Bayern Munchen. [BG] If a player left a team they no longer play for that team.,Robert Lewandowski is a star.,Uncertain,Jabberwock is a striker. [Tumtum are soccer players. Jabberwock left Bayern Munchen. [BG] If a player left a team they no longer play for that team.,Jabberwock is a star.,Mitochondria is a striker. [Galaxy are soccer players. Mitochondria left Bayern Munchen. [BG] If a player left a team they no longer play for that team.,Mitochondria is a star.,Uncertain,Uncertain,Uncertain,True
58,"Billings is a city in Montana. Montana includes the cities of Butte, Helena, and Missoula. White Sulphur Springs and Butte are cities in the same state. The city of Pierre is not in Montana. Any city in Butte is not in Pierre.",Butte and Pierre are in the same state.,False,"Billings is a city in Snark. Snark includes the cities of Tumtum, Jubjub, and Vorpal. White Rath and Tumtum are cities in the same state. The city of Boroogove is not in Snark. Any city in Tumtum is not in Boroogove.",Tumtum and Boroogove are in the same state.,"Billings is a city in Quark. Quark includes the cities of Neutron, Mitochondria, and Galaxy. White Electron and Neutron are cities in the same state. The city of Ribosome is not in Quark. Any city in Neutron is not in Ribosome.",Neutron and Ribosome are in the same state.,Uncertain,Uncertain,Uncertain,Uncertain
59,"Billings is a city in Montana. Montana includes the cities of Butte, Helena, and Missoula. White Sulphur Springs and Butte are cities in the same state. The city of Pierre is not in Montana. Any city in Butte is not in Pierre.",Pierre and Bismarck are in the same state.,Uncertain,"Billings is a city in Mome. Mome includes the cities of Jubjub, Snark, and Bandersnatch. White Vorpal and Jubjub are cities in the same state. The city of Jabberwock is not in Mome. Any city in Jubjub is not in Jabberwock.",Jabberwock and Tweequ are in the same state.,"Billings is a city in Galaxy. Galaxy includes the cities of Electron, Photon, and Nebula. White Ribosome and Electron are cities in the same state. The city of Neutron is not in Galaxy. Any city in Electron is not in Neutron.",Neutron and Quark are in the same state.,Uncertain,Uncertain,Uncertain,Uncertain
60,"Billings is a city in Montana. Montana includes the cities of Butte, Helena, and Missoula. White Sulphur Springs and Butte are cities in the same state. The city of Pierre is not in Montana. Any city in Butte is not in Pierre.",Montana is home to the city of Missoula.,True,"Billings is a city in Jabberwock. Jabberwock includes the cities of Boroogove, Tumtum, and Jubjub. White Rath and Boroogove are cities in the same state. The city of Bandersnatch is not in Jabberwock. Any city in Boroogove is not in Bandersnatch.",Jabberwock is home to the city of Jubjub.,"Billings is a city in Enzyme. Enzyme includes the cities of Ribosome, Electron, and Mitochondria. White Neutron and Ribosome are cities in the same state. The city of Galaxy is not in Enzyme. Any city in Ribosome is not in Galaxy.",Enzyme is home to the city of Mitochondria.,True,True,True,True
61,International students in US have either an F1 visa or a J1 visa. An international student in US with an F1 visa needs to apply for CPT or OPT if the student wants to work in the US. Mike is an international student. Mike needs to apply for CPT if he wants to work in the US.,Mike has an F1 visa.,Uncertain,International students in Vorpal have either an Tumtum visa or a J1 visa. An international student in Vorpal with an Tumtum visa needs to apply for Bandersnatch or Jabberwock if the student wants to work in the Vorpal. Gyre is an international student. Gyre needs to apply for Bandersnatch if he wants to work in the Vorpal.,Gyre has an Tumtum visa.,International students in Quark have either an Nebula visa or a J1 visa. An international student in Quark with an Nebula visa needs to apply for Enzyme or Galaxy if the student wants to work in the Quark. Proton is an international student. Proton needs to apply for Enzyme if he wants to work in the Quark.,Proton has an Nebula visa.,Uncertain,Uncertain,Uncertain,True
62,International students in US have either an F1 visa or a J1 visa. An international student in US with an F1 visa needs to apply for CPT or OPT if the student wants to work in the US. Mike is an international student. Mike needs to apply for CPT if he wants to work in the US.,Mike has a J1 visa.,Uncertain,International students in Jabberwock have either an Gyre visa or a J1 visa. An international student in Jabberwock with an Gyre visa needs to apply for Tweequ or Rath if the student wants to work in the Jabberwock. Jubjub is an international student. Jubjub needs to apply for Tweequ if he wants to work in the Jabberwock.,Jubjub has a J1 visa.,International students in Mitochondria have either an Chromosome visa or a J1 visa. An international student in Mitochondria with an Chromosome visa needs to apply for Galaxy or Photon if the student wants to work in the Mitochondria. Enzyme is an international student. Enzyme needs to apply for Galaxy if he wants to work in the Mitochondria.,Enzyme has a J1 visa.,Uncertain,Uncertain,Uncertain,Uncertain
63,"All cows are bovines. Some pets are cows. If something is a bovine, then it is domesticated. No domesticated animals are alligators. Ted is an aligator.",Ted is a pet.,Uncertain,"All cows are bovines. Some pets are cows. If something is a bovine, then it is domesticated. No domesticated animals are alligators. Jubjub is an aligator.",Jubjub is a pet.,"All cows are bovines. Some pets are cows. If something is a bovine, then it is domesticated. No domesticated animals are alligators. Enzyme is an aligator.",Enzyme is a pet.,False,False,Uncertain,True
64,"All cows are bovines. Some pets are cows. If something is a bovine, then it is domesticated. No domesticated animals are alligators. Ted is an aligator.",Ted is a pet and a cow.,False,"All cows are bovines. Some pets are cows. If something is a bovine, then it is domesticated. No domesticated animals are alligators. Tweequ is an aligator.",Tweequ is a pet and a cow.,"All cows are bovines. Some pets are cows. If something is a bovine, then it is domesticated. No domesticated animals are alligators. Photon is an aligator.",Photon is a pet and a cow.,False,False,False,False
65,"All cows are bovines. Some pets are cows. If something is a bovine, then it is domesticated. No domesticated animals are alligators. Ted is an aligator.","If Ted is a cow, then Ted is not a pet.",True,"All cows are bovines. Some pets are cows. If something is a bovine, then it is domesticated. No domesticated animals are alligators. Gyre is an aligator.","If Gyre is a cow, then Gyre is not a pet.","All cows are bovines. Some pets are cows. If something is a bovine, then it is domesticated. No domesticated animals are alligators. Enzyme is an aligator.","If Enzyme is a cow, then Enzyme is not a pet.",False,True,True,True
66,"Yale University is a private Ivy League research university. Yale University moved to New Haven in 1716. Yale university's endowment was valued at $42.3 billion. Yale University has been organized into 27 constituent colleges and schools: the residential colleges, the Yale Graduate School of Arts and Sciences, and twelve professional schools. A list of residential colleges at Yale: Benjamin Franklin College, Berkeley College, Branford College, Davenport College, Ezra Stiles College, Grace Hopper College, Jonathan Edwards College, Morse College, Pauli Murray College, Pierson College, Saybrook College, Silliman College, Timothy Dwight College, and Trumbull College.",A private Ivy League research university moved to New Haven.,True,"Yale University is a private Ivy League research university. Yale University moved to New Haven in 1716. Snark endowment was valued at $42.3 billion. Yale University has been organized into 27 constituent colleges and schools: the residential colleges, Mome, and twelve professional schools. A list of residential colleges at Yale: Bandersnatch, Gyre, Branford College, Rath, Tweequ, Vorpal, Jubjub, Morse College, Boroogove, Pierson College, Tumtum, Silliman College, Jabberwock, and Trumbull College.",A private Ivy League research university moved to New Haven.,"Yale University is a private Ivy League research university. Yale University moved to New Haven in 1716. Chromosome endowment was valued at $42.3 billion. Yale University has been organized into 27 constituent colleges and schools: the residential colleges, Quark, and twelve professional schools. A list of residential colleges at Yale: Mitochondria, Galaxy, Branford College, Enzyme, Neutron, Electron, Ribosome, Morse College, Photon, Pierson College, Nebula, Silliman College, Proton, and Trumbull College.",A private Ivy League research university moved to New Haven.,True,True,True,True
67,"Yale University is a private Ivy League research university. Yale University moved to New Haven in 1716. Yale university's endowment was valued at $42.3 billion. Yale University has been organized into 27 constituent colleges and schools: the residential colleges, the Yale Graduate School of Arts and Sciences, and twelve professional schools. A list of residential colleges at Yale: Benjamin Franklin College, Berkeley College, Branford College, Davenport College, Ezra Stiles College, Grace Hopper College, Jonathan Edwards College, Morse College, Pauli Murray College, Pierson College, Saybrook College, Silliman College, Timothy Dwight College, and Trumbull College.",Yale University has the largest university endowment of any educational institution.,Uncertain,"Yale University is a private Ivy League research university. Yale University moved to New Haven in 1716. Jubjub endowment was valued at $42.3 billion. Yale University has been organized into 27 constituent colleges and schools: the residential colleges, Snark, and twelve professional schools. A list of residential colleges at Yale: Vorpal, Mome, Branford College, Tweequ, Gyre, Tumtum, Rath, Morse College, Boroogove, Pierson College, Jabberwock, Silliman College, Bandersnatch, and Trumbull College.",Yale University has the largest university endowment of any educational institution.,"Yale University is a private Ivy League research university. Yale University moved to New Haven in 1716. Proton endowment was valued at $42.3 billion. Yale University has been organized into 27 constituent colleges and schools: the residential colleges, Quark, and twelve professional schools. A list of residential colleges at Yale: Enzyme, Photon, Branford College, Neutron, Chromosome, Electron, Ribosome, Morse College, Galaxy, Pierson College, Mitochondria, Silliman College, Nebula, and Trumbull College.",Yale University has the largest university endowment of any educational institution.,Uncertain,Uncertain,Uncertain,Uncertain
68,"Yale University is a private Ivy League research university. Yale University moved to New Haven in 1716. Yale university's endowment was valued at $42.3 billion. Yale University has been organized into 27 constituent colleges and schools: the residential colleges, the Yale Graduate School of Arts and Sciences, and twelve professional schools. A list of residential colleges at Yale: Benjamin Franklin College, Berkeley College, Branford College, Davenport College, Ezra Stiles College, Grace Hopper College, Jonathan Edwards College, Morse College, Pauli Murray College, Pierson College, Saybrook College, Silliman College, Timothy Dwight College, and Trumbull College.",Pierson College is a residential college at Yale.,True,"Yale University is a private Ivy League research university. Yale University moved to New Haven in 1716. Snark endowment was valued at $42.3 billion. Yale University has been organized into 27 constituent colleges and schools: the residential colleges, Jabberwock, and twelve professional schools. A list of residential colleges at Yale: Tweequ, Bandersnatch, Branford College, Tumtum, Mome, Gyre, Boroogove, Morse College, Rath, Pierson College, Vorpal, Silliman College, Jubjub, and Trumbull College.",Pierson College is a residential college at Yale.,"Yale University is a private Ivy League research university. Yale University moved to New Haven in 1716. Neutron endowment was valued at $42.3 billion. Yale University has been organized into 27 constituent colleges and schools: the residential colleges, Mitochondria, and twelve professional schools. A list of residential colleges at Yale: Photon, Electron, Branford College, Enzyme, Nebula, Proton, Ribosome, Morse College, Chromosome, Pierson College, Galaxy, Silliman College, Quark, and Trumbull College.",Pierson College is a residential college at Yale.,True,True,True,True
69,"Badults is a British Sitcom series, starring members of Pappy's. Badults piloted in July 2013 on BBC Three. The Working title ""The Secret Dude Society"" was used for Badults. Andrew Collins was the script editor for Badults","Andrew Collins was the script editor for a series with the working title ""The Secret Dude Society"".",True,"Rath is a British Mome series, starring members of Bandersnatch's. Rath piloted in July 2013 on Jabberwock Three. The Boroogove title ""The Secret Dude Society"" was used for Rath. Snark was the script editor for Rath","Snark was the script editor for a series with the working title ""The Secret Dude Society"".","Quark is a British Proton series, starring members of Mitochondria's. Quark piloted in July 2013 on Photon Three. The Ribosome title ""The Secret Dude Society"" was used for Quark. Nebula was the script editor for Quark","Nebula was the script editor for a series with the working title ""The Secret Dude Society"".",True,True,True,True
70,"Badults is a British Sitcom series, starring members of Pappy's. Badults piloted in July 2013 on BBC Three. The Working title ""The Secret Dude Society"" was used for Badults. Andrew Collins was the script editor for Badults",No members of Pappy's have starred for a show piloting on BBC Two or BBC Three.,False,"Tumtum is a British Jabberwock series, starring members of Mome's. Tumtum piloted in July 2013 on Rath. The Tweequ title ""The Secret Dude Society"" was used for Tumtum. Boroogove was the script editor for Tumtum",No members of Mome's have starred for a show piloting on Gyre Two or Rath.,"Enzyme is a British Ribosome series, starring members of Chromosome's. Enzyme piloted in July 2013 on Mitochondria. The Quark title ""The Secret Dude Society"" was used for Enzyme. Neutron was the script editor for Enzyme",No members of Chromosome's have starred for a show piloting on Galaxy Two or Mitochondria.,Uncertain,Uncertain,Uncertain,True
71,"All growth companies’ stocks are volatile. If the stock price is volatile, then it is not suitable for a retirement fund. Some companies’ stocks are growth companies’ stocks. All mature companies’ stocks are suitable for a retirement fund. KO is a mature company’s stock.",KO is a company stock.,Uncertain,"All growth companies’ stocks are volatile. If the stock price is volatile, then it is not suitable for a retirement fund. Some companies’ stocks are growth companies’ stocks. All mature companies’ stocks are suitable for a retirement fund. Vorpal is a mature company’s stock.",Vorpal is a company stock.,"All growth companies’ stocks are volatile. If the stock price is volatile, then it is not suitable for a retirement fund. Some companies’ stocks are growth companies’ stocks. All mature companies’ stocks are suitable for a retirement fund. Ribosome is a mature company’s stock.",Ribosome is a company stock.,Uncertain,True,True,True
72,"All growth companies’ stocks are volatile. If the stock price is volatile, then it is not suitable for a retirement fund. Some companies’ stocks are growth companies’ stocks. All mature companies’ stocks are suitable for a retirement fund. KO is a mature company’s stock.",KO is a company stock and a growth company’s stock.,False,"All growth companies’ stocks are volatile. If the stock price is volatile, then it is not suitable for a retirement fund. Some companies’ stocks are growth companies’ stocks. All mature companies’ stocks are suitable for a retirement fund. Boroogove is a mature company’s stock.",Boroogove is a company stock and a growth company’s stock.,"All growth companies’ stocks are volatile. If the stock price is volatile, then it is not suitable for a retirement fund. Some companies’ stocks are growth companies’ stocks. All mature companies’ stocks are suitable for a retirement fund. Galaxy is a mature company’s stock.",Galaxy is a company stock and a growth company’s stock.,Uncertain,Uncertain,Uncertain,True
73,"All growth companies’ stocks are volatile. If the stock price is volatile, then it is not suitable for a retirement fund. Some companies’ stocks are growth companies’ stocks. All mature companies’ stocks are suitable for a retirement fund. KO is a mature company’s stock.","If KO is a growth company’s stock or if its price is volatile, then KO is neither a company’s stock nor is its price volatile.",True,"All growth companies’ stocks are volatile. If the stock price is volatile, then it is not suitable for a retirement fund. Some companies’ stocks are growth companies’ stocks. All mature companies’ stocks are suitable for a retirement fund. Jubjub is a mature company’s stock.","If Jubjub is a growth company’s stock or if its price is volatile, then Jubjub is neither a company’s stock nor is its price volatile.","All growth companies’ stocks are volatile. If the stock price is volatile, then it is not suitable for a retirement fund. Some companies’ stocks are growth companies’ stocks. All mature companies’ stocks are suitable for a retirement fund. Mitochondria is a mature company’s stock.","If Mitochondria is a growth company’s stock or if its price is volatile, then Mitochondria is neither a company’s stock nor is its price volatile.",Uncertain,False,True,Uncertain
74,"All vehicle registration plates in Istanbul begin with the number 34. Plates that do not begin with the number 34 are not from Istanbul.  Joe's vehicle registration plate is from Istanbul.  Tom's license plate begins with the number 35.  [BG] If a license plate begins with the number 35, then it does not begin with the number 34.",Joe's license plate begins with the number 34.,True,"All vehicle registration plates in Boroogove begin with the number 34. Plates that do not begin with the number 34 are not from Boroogove.  Jubjub's vehicle registration plate is from Boroogove.  Gyre's license plate begins with the number 35.  [BG] If a license plate begins with the number 35, then it does not begin with the number 34.",Jubjub's license plate begins with the number 34.,"All vehicle registration plates in Chromosome begin with the number 34. Plates that do not begin with the number 34 are not from Chromosome.  Photon's vehicle registration plate is from Chromosome.  Ribosome's license plate begins with the number 35.  [BG] If a license plate begins with the number 35, then it does not begin with the number 34.",Photon's license plate begins with the number 34.,False,False,False,False
75,"All vehicle registration plates in Istanbul begin with the number 34. Plates that do not begin with the number 34 are not from Istanbul.  Joe's vehicle registration plate is from Istanbul.  Tom's license plate begins with the number 35.  [BG] If a license plate begins with the number 35, then it does not begin with the number 34.",Tom's license plate is from Istanbul.,False,"All vehicle registration plates in Tumtum begin with the number 34. Plates that do not begin with the number 34 are not from Tumtum.  Jubjub's vehicle registration plate is from Tumtum.  Rath's license plate begins with the number 35.  [BG] If a license plate begins with the number 35, then it does not begin with the number 34.",Rath's license plate is from Tumtum.,"All vehicle registration plates in Photon begin with the number 34. Plates that do not begin with the number 34 are not from Photon.  Mitochondria's vehicle registration plate is from Photon.  Nebula's license plate begins with the number 35.  [BG] If a license plate begins with the number 35, then it does not begin with the number 34.",Nebula's license plate is from Photon.,True,True,Uncertain,True
76,"If people work in student jobs on campus, then they need to earn money to help pay for their college tuition. If people order takeout frequently in college, then they work in student jobs on campus. People either order takeout frequently in college or enjoy the dining hall meals and recipes. If people enjoy the dining hall meals and recipes, then they are not picky eaters. If people enjoy the dining hall meals and recipes, then they spend a lot of their time eating and catching up with friends in the campus dining halls. If Mary works in student jobs on campus and needs to earn money to help pay for her college tuition, then Mary is neither picky nor needs to earn money to help pay for her college tuition.",Mary needs to earn money to help pay for her college tuition.,Uncertain,"If people work in student jobs on campus, then they need to earn money to help pay for their college tuition. If people order takeout frequently in college, then they work in student jobs on campus. People either order takeout frequently in college or enjoy the dining hall meals and recipes. If people enjoy the dining hall meals and recipes, then they are not picky eaters. If people enjoy the dining hall meals and recipes, then they spend a lot of their time eating and catching up with friends in the campus dining halls. If Mome works in student jobs on campus and needs to earn money to help pay for her college tuition, then Mome is neither picky nor needs to earn money to help pay for her college tuition.",Mome needs to earn money to help pay for her college tuition.,"If people work in student jobs on campus, then they need to earn money to help pay for their college tuition. If people order takeout frequently in college, then they work in student jobs on campus. People either order takeout frequently in college or enjoy the dining hall meals and recipes. If people enjoy the dining hall meals and recipes, then they are not picky eaters. If people enjoy the dining hall meals and recipes, then they spend a lot of their time eating and catching up with friends in the campus dining halls. If Photon works in student jobs on campus and needs to earn money to help pay for her college tuition, then Photon is neither picky nor needs to earn money to help pay for her college tuition.",Photon needs to earn money to help pay for her college tuition.,Uncertain,Uncertain,Uncertain,Uncertain
77,"If people work in student jobs on campus, then they need to earn money to help pay for their college tuition. If people order takeout frequently in college, then they work in student jobs on campus. People either order takeout frequently in college or enjoy the dining hall meals and recipes. If people enjoy the dining hall meals and recipes, then they are not picky eaters. If people enjoy the dining hall meals and recipes, then they spend a lot of their time eating and catching up with friends in the campus dining halls. If Mary works in student jobs on campus and needs to earn money to help pay for her college tuition, then Mary is neither picky nor needs to earn money to help pay for her college tuition.",Mary is not a picky eater and spends a lot of her time eating and catching up with friends in the campus dining halls.,True,"If people work in student jobs on campus, then they need to earn money to help pay for their college tuition. If people order takeout frequently in college, then they work in student jobs on campus. People either order takeout frequently in college or enjoy the dining hall meals and recipes. If people enjoy the dining hall meals and recipes, then they are not picky eaters. If people enjoy the dining hall meals and recipes, then they spend a lot of their time eating and catching up with friends in the campus dining halls. If Snark works in student jobs on campus and needs to earn money to help pay for her college tuition, then Snark is neither picky nor needs to earn money to help pay for her college tuition.",Snark is not a picky eater and spends a lot of her time eating and catching up with friends in the campus dining halls.,"If people work in student jobs on campus, then they need to earn money to help pay for their college tuition. If people order takeout frequently in college, then they work in student jobs on campus. People either order takeout frequently in college or enjoy the dining hall meals and recipes. If people enjoy the dining hall meals and recipes, then they are not picky eaters. If people enjoy the dining hall meals and recipes, then they spend a lot of their time eating and catching up with friends in the campus dining halls. If Electron works in student jobs on campus and needs to earn money to help pay for her college tuition, then Electron is neither picky nor needs to earn money to help pay for her college tuition.",Electron is not a picky eater and spends a lot of her time eating and catching up with friends in the campus dining halls.,True,True,True,Uncertain
78,"If people work in student jobs on campus, then they need to earn money to help pay for their college tuition. If people order takeout frequently in college, then they work in student jobs on campus. People either order takeout frequently in college or enjoy the dining hall meals and recipes. If people enjoy the dining hall meals and recipes, then they are not picky eaters. If people enjoy the dining hall meals and recipes, then they spend a lot of their time eating and catching up with friends in the campus dining halls. If Mary works in student jobs on campus and needs to earn money to help pay for her college tuition, then Mary is neither picky nor needs to earn money to help pay for her college tuition.","Mary either is not a picky eater or, if she is, then she spends a lot of her time eating and catching up with friends in the campus dining halls.",False,"If people work in student jobs on campus, then they need to earn money to help pay for their college tuition. If people order takeout frequently in college, then they work in student jobs on campus. People either order takeout frequently in college or enjoy the dining hall meals and recipes. If people enjoy the dining hall meals and recipes, then they are not picky eaters. If people enjoy the dining hall meals and recipes, then they spend a lot of their time eating and catching up with friends in the campus dining halls. If Snark works in student jobs on campus and needs to earn money to help pay for her college tuition, then Snark is neither picky nor needs to earn money to help pay for her college tuition.","Snark either is not a picky eater or, if she is, then she spends a lot of her time eating and catching up with friends in the campus dining halls.","If people work in student jobs on campus, then they need to earn money to help pay for their college tuition. If people order takeout frequently in college, then they work in student jobs on campus. People either order takeout frequently in college or enjoy the dining hall meals and recipes. If people enjoy the dining hall meals and recipes, then they are not picky eaters. If people enjoy the dining hall meals and recipes, then they spend a lot of their time eating and catching up with friends in the campus dining halls. If Electron works in student jobs on campus and needs to earn money to help pay for her college tuition, then Electron is neither picky nor needs to earn money to help pay for her college tuition.","Electron either is not a picky eater or, if she is, then she spends a lot of her time eating and catching up with friends in the campus dining halls.",True,True,True,True
79,"No bakery is spicy. All cupcakes are bakeries. All hotpots are spicy. All products of Baked by Melissa are cupcakes. If dried Thai chilies are spicy or a bakery, then dried Thai chilies are a hotpot or are spicy.",Dried Thai chilies are a product of Baked by Melissa.,False,"No bakery is spicy. All cupcakes are bakeries. All hotpots are spicy. All products of Tumtum by Jubjub are cupcakes. If dried Thai chilies are spicy or a bakery, then dried Thai chilies are a hotpot or are spicy.",Dried Thai chilies are a product of Tumtum by Jubjub.,"No bakery is spicy. All cupcakes are bakeries. All hotpots are spicy. All products of Enzyme by Proton are cupcakes. If dried Thai chilies are spicy or a bakery, then dried Thai chilies are a hotpot or are spicy.",Dried Thai chilies are a product of Enzyme by Proton.,Uncertain,Uncertain,Uncertain,True
80,"No bakery is spicy. All cupcakes are bakeries. All hotpots are spicy. All products of Baked by Melissa are cupcakes. If dried Thai chilies are spicy or a bakery, then dried Thai chilies are a hotpot or are spicy.",Dried Thai chilies are not a product of Baked by Melissa.,True,"No bakery is spicy. All cupcakes are bakeries. All hotpots are spicy. All products of Snark by Jabberwock are cupcakes. If dried Thai chilies are spicy or a bakery, then dried Thai chilies are a hotpot or are spicy.",Dried Thai chilies are not a product of Snark by Jabberwock.,"No bakery is spicy. All cupcakes are bakeries. All hotpots are spicy. All products of Chromosome by Quark are cupcakes. If dried Thai chilies are spicy or a bakery, then dried Thai chilies are a hotpot or are spicy.",Dried Thai chilies are not a product of Chromosome by Quark.,False,Uncertain,Uncertain,True
81,"No bakery is spicy. All cupcakes are bakeries. All hotpots are spicy. All products of Baked by Melissa are cupcakes. If dried Thai chilies are spicy or a bakery, then dried Thai chilies are a hotpot or are spicy.",Dried Thai chilies are a hotpot.,Uncertain,"No bakery is spicy. All cupcakes are bakeries. All hotpots are spicy. All products of Rath by Jabberwock are cupcakes. If dried Thai chilies are spicy or a bakery, then dried Thai chilies are a hotpot or are spicy.",Dried Thai chilies are a hotpot.,"No bakery is spicy. All cupcakes are bakeries. All hotpots are spicy. All products of Photon by Nebula are cupcakes. If dried Thai chilies are spicy or a bakery, then dried Thai chilies are a hotpot or are spicy.",Dried Thai chilies are a hotpot.,True,True,True,Uncertain
82,"No bakery is spicy. All cupcakes are bakeries. All hotpots are spicy. All products of Baked by Melissa are cupcakes. If dried Thai chilies are spicy or a bakery, then dried Thai chilies are a hotpot or are spicy.",Dried Thai chilies are neither a product of Baked by Melissa nor a bakery.,True,"No bakery is spicy. All cupcakes are bakeries. All hotpots are spicy. All products of Boroogove by Mome are cupcakes. If dried Thai chilies are spicy or a bakery, then dried Thai chilies are a hotpot or are spicy.",Dried Thai chilies are neither a product of Boroogove by Mome nor a bakery.,"No bakery is spicy. All cupcakes are bakeries. All hotpots are spicy. All products of Ribosome by Proton are cupcakes. If dried Thai chilies are spicy or a bakery, then dried Thai chilies are a hotpot or are spicy.",Dried Thai chilies are neither a product of Ribosome by Proton nor a bakery.,False,False,True,True
83,"No bakery is spicy. All cupcakes are bakeries. All hotpots are spicy. All products of Baked by Melissa are cupcakes. If dried Thai chilies are spicy or a bakery, then dried Thai chilies are a hotpot or are spicy.",Dried Thai chilies are cupcakes and a product of Baked by Melissa.,False,"No bakery is spicy. All cupcakes are bakeries. All hotpots are spicy. All products of Bandersnatch by Gyre are cupcakes. If dried Thai chilies are spicy or a bakery, then dried Thai chilies are a hotpot or are spicy.",Dried Thai chilies are cupcakes and a product of Bandersnatch by Gyre.,"No bakery is spicy. All cupcakes are bakeries. All hotpots are spicy. All products of Enzyme by Quark are cupcakes. If dried Thai chilies are spicy or a bakery, then dried Thai chilies are a hotpot or are spicy.",Dried Thai chilies are cupcakes and a product of Enzyme by Quark.,Uncertain,Uncertain,Uncertain,Uncertain
84,"If the restaurant is listed in Yelp’s recommendations, then the restaurant does not receive many negative reviews. All restaurants with a rating greater than 9 are listed in Yelp’s recommendations. Some restaurants that do not provide take-out service receive many negative reviews. All restaurants that are popular among local residents have ratings greater than 9. Subway has a rating greater than 9 or is popular among local residents.","If Subway provides take-out service and receives many negative reviews, then its rating is greater than 9 and it does not provide take-out service.",Uncertain,"If the restaurant is listed in Jubjub’s recommendations, then the restaurant does not receive many negative reviews. All restaurants with a rating greater than 9 are listed in Jubjub’s recommendations. Some restaurants that do not provide take-out service receive many negative reviews. All restaurants that are popular among local residents have ratings greater than 9. Boroogove has a rating greater than 9 or is popular among local residents.","If Boroogove provides take-out service and receives many negative reviews, then its rating is greater than 9 and it does not provide take-out service.","If the restaurant is listed in Electron’s recommendations, then the restaurant does not receive many negative reviews. All restaurants with a rating greater than 9 are listed in Electron’s recommendations. Some restaurants that do not provide take-out service receive many negative reviews. All restaurants that are popular among local residents have ratings greater than 9. Mitochondria has a rating greater than 9 or is popular among local residents.","If Mitochondria provides take-out service and receives many negative reviews, then its rating is greater than 9 and it does not provide take-out service.",Uncertain,Uncertain,Uncertain,Uncertain
85,"If the restaurant is listed in Yelp’s recommendations, then the restaurant does not receive many negative reviews. All restaurants with a rating greater than 9 are listed in Yelp’s recommendations. Some restaurants that do not provide take-out service receive many negative reviews. All restaurants that are popular among local residents have ratings greater than 9. Subway has a rating greater than 9 or is popular among local residents.",Subway provides take-out service and does not receive many negative reviews.,True,"If the restaurant is listed in Tweequ’s recommendations, then the restaurant does not receive many negative reviews. All restaurants with a rating greater than 9 are listed in Tweequ’s recommendations. Some restaurants that do not provide take-out service receive many negative reviews. All restaurants that are popular among local residents have ratings greater than 9. Tumtum has a rating greater than 9 or is popular among local residents.",Tumtum provides take-out service and does not receive many negative reviews.,"If the restaurant is listed in Enzyme’s recommendations, then the restaurant does not receive many negative reviews. All restaurants with a rating greater than 9 are listed in Enzyme’s recommendations. Some restaurants that do not provide take-out service receive many negative reviews. All restaurants that are popular among local residents have ratings greater than 9. Quark has a rating greater than 9 or is popular among local residents.",Quark provides take-out service and does not receive many negative reviews.,Uncertain,Uncertain,Uncertain,Uncertain
86,"If the restaurant is listed in Yelp’s recommendations, then the restaurant does not receive many negative reviews. All restaurants with a rating greater than 9 are listed in Yelp’s recommendations. Some restaurants that do not provide take-out service receive many negative reviews. All restaurants that are popular among local residents have ratings greater than 9. Subway has a rating greater than 9 or is popular among local residents.",Subway does not provide take-out service.,False,"If the restaurant is listed in Tumtum’s recommendations, then the restaurant does not receive many negative reviews. All restaurants with a rating greater than 9 are listed in Tumtum’s recommendations. Some restaurants that do not provide take-out service receive many negative reviews. All restaurants that are popular among local residents have ratings greater than 9. Mome has a rating greater than 9 or is popular among local residents.",Mome does not provide take-out service.,"If the restaurant is listed in Nebula’s recommendations, then the restaurant does not receive many negative reviews. All restaurants with a rating greater than 9 are listed in Nebula’s recommendations. Some restaurants that do not provide take-out service receive many negative reviews. All restaurants that are popular among local residents have ratings greater than 9. Mitochondria has a rating greater than 9 or is popular among local residents.",Mitochondria does not provide take-out service.,False,False,Uncertain,True
87,"In superhero movies, the good guys always win. The Surprising Adventures of Sir Digby Chicken Caesar is a superhero movie. Good guys fight bad guys and vice versa. Sir Digby fights his nemesis. If a superhero movie is named after a character, that character is a good guy. The Surprising Adventures of Sir Digby Chicken Caesar is named after Sir Digby. If somebody wins a fight, the person they are fighting loses. If a superhero movie is named after a character, that character appears in the movie.",Sir Digby’s nemesis loses.,True,"In superhero movies, the good guys always win. Tumtum of Sir Tweequ is a superhero movie. Good guys fight bad guys and vice versa. Sir Mome fights his nemesis. If a superhero movie is named after a character, that character is a good guy. Tumtum of Sir Tweequ is named after Sir Mome. If somebody wins a fight, the person they are fighting loses. If a superhero movie is named after a character, that character appears in the movie.",Sir Mome’s nemesis loses.,"In superhero movies, the good guys always win. Photon of Sir Ribosome is a superhero movie. Good guys fight bad guys and vice versa. Sir Electron fights his nemesis. If a superhero movie is named after a character, that character is a good guy. Photon of Sir Ribosome is named after Sir Electron. If somebody wins a fight, the person they are fighting loses. If a superhero movie is named after a character, that character appears in the movie.",Sir Electron’s nemesis loses.,True,True,True,True
88,"[BG] Books contain tons of knowledge. [BG] When a person reads a book, that person gains knowledge.  [BG] If a person gains knowledge, they become smarter. Harry read the book “Walden” by Henry Thoreau.",Walden contains knowledge.,True,"[BG] Books contain tons of knowledge. [BG] When a person reads a book, that person gains knowledge.  [BG] If a person gains knowledge, they become smarter. Tumtum read the book “Walden” by Mome.",Walden contains knowledge.,"[BG] Books contain tons of knowledge. [BG] When a person reads a book, that person gains knowledge.  [BG] If a person gains knowledge, they become smarter. Galaxy read the book “Walden” by Nebula.",Walden contains knowledge.,True,True,True,True
89,"[BG] Books contain tons of knowledge. [BG] When a person reads a book, that person gains knowledge.  [BG] If a person gains knowledge, they become smarter. Harry read the book “Walden” by Henry Thoreau.",Harry is smarter than before.,True,"[BG] Books contain tons of knowledge. [BG] When a person reads a book, that person gains knowledge.  [BG] If a person gains knowledge, they become smarter. Vorpal read the book “Walden” by Snark.",Vorpal is smarter than before.,"[BG] Books contain tons of knowledge. [BG] When a person reads a book, that person gains knowledge.  [BG] If a person gains knowledge, they become smarter. Photon read the book “Walden” by Enzyme.",Photon is smarter than before.,True,True,True,True
90,"[BG] Books contain tons of knowledge. [BG] When a person reads a book, that person gains knowledge.  [BG] If a person gains knowledge, they become smarter. Harry read the book “Walden” by Henry Thoreau.",A person who is smarter has gained knowledge.,Uncertain,"[BG] Books contain tons of knowledge. [BG] When a person reads a book, that person gains knowledge.  [BG] If a person gains knowledge, they become smarter. Snark read the book “Walden” by Tumtum.",A person who is smarter has gained knowledge.,"[BG] Books contain tons of knowledge. [BG] When a person reads a book, that person gains knowledge.  [BG] If a person gains knowledge, they become smarter. Electron read the book “Walden” by Photon.",A person who is smarter has gained knowledge.,True,True,True,True
91,"Natural language processing tasks can be categorized as either language generation task or language understanding task. If the output of a natural language processing task is a text sequence, then it is a language generation task. Machine translation is a natural language processing task. The output of machine translation is a text sequence.",Machine translation is a language generation task.,True,"Natural language processing tasks can be categorized as either language generation task or language understanding task. If the output of a natural language processing task is a text sequence, then it is a language generation task. Machine translation is a natural language processing task. The output of machine translation is a text sequence.",Machine translation is a language generation task.,"Natural language processing tasks can be categorized as either language generation task or language understanding task. If the output of a natural language processing task is a text sequence, then it is a language generation task. Machine translation is a natural language processing task. The output of machine translation is a text sequence.",Machine translation is a language generation task.,True,True,True,True
92,"Natural language processing tasks can be categorized as either language generation task or language understanding task. If the output of a natural language processing task is a text sequence, then it is a language generation task. Machine translation is a natural language processing task. The output of machine translation is a text sequence.",Machine translation is a language understanding task.,False,"Natural language processing tasks can be categorized as either language generation task or language understanding task. If the output of a natural language processing task is a text sequence, then it is a language generation task. Machine translation is a natural language processing task. The output of machine translation is a text sequence.",Machine translation is a language understanding task.,"Natural language processing tasks can be categorized as either language generation task or language understanding task. If the output of a natural language processing task is a text sequence, then it is a language generation task. Machine translation is a natural language processing task. The output of machine translation is a text sequence.",Machine translation is a language understanding task.,False,False,False,False
93,"Pets are allowed in some managed buildings. [BG] A deposit is required to rent an apartment in a managed building. The security deposit can be either equal to one month's rent or more. Fluffy is Tom's cat. Cats are pets. The Olive Garden is a managed building. The monthly rent at the Olive Garden is $2000. Tom will rent an apartment in a managed building if and only if he is allowed to move in with Fluffy, and the security deposit is no more than $1500. 2000$ is more than $1500.",Tom will rent an apartment in The Olive Garden.,False,"Pets are allowed in some managed buildings. [BG] A deposit is required to rent an apartment in a managed building. The security deposit can be either equal to one month's rent or more. Rath is Jubjub's cat. Cats are pets. The Olive Garden is a managed building. The monthly rent at the Olive Garden is $2000. Jubjub will rent an apartment in a managed building if and only if he is allowed to move in with Rath, and the security deposit is no more than $1500. 2000$ is more than $1500.",Jubjub will rent an apartment in The Olive Garden.,"Pets are allowed in some managed buildings. [BG] A deposit is required to rent an apartment in a managed building. The security deposit can be either equal to one month's rent or more. Electron is Mitochondria's cat. Cats are pets. The Olive Garden is a managed building. The monthly rent at the Olive Garden is $2000. Mitochondria will rent an apartment in a managed building if and only if he is allowed to move in with Electron, and the security deposit is no more than $1500. 2000$ is more than $1500.",Mitochondria will rent an apartment in The Olive Garden.,True,True,True,True
94,"Pets are allowed in some managed buildings. [BG] A deposit is required to rent an apartment in a managed building. The security deposit can be either equal to one month's rent or more. Fluffy is Tom's cat. Cats are pets. The Olive Garden is a managed building. The monthly rent at the Olive Garden is $2000. Tom will rent an apartment in a managed building if and only if he is allowed to move in with Fluffy, and the security deposit is no more than $1500. 2000$ is more than $1500.",Tom is allowed to move in an apartment in The Olive Garden with Fluffy.,Uncertain,"Pets are allowed in some managed buildings. [BG] A deposit is required to rent an apartment in a managed building. The security deposit can be either equal to one month's rent or more. Boroogove is Jabberwock's cat. Cats are pets. The Olive Garden is a managed building. The monthly rent at the Olive Garden is $2000. Jabberwock will rent an apartment in a managed building if and only if he is allowed to move in with Boroogove, and the security deposit is no more than $1500. 2000$ is more than $1500.",Jabberwock is allowed to move in an apartment in The Olive Garden with Boroogove.,"Pets are allowed in some managed buildings. [BG] A deposit is required to rent an apartment in a managed building. The security deposit can be either equal to one month's rent or more. Photon is Chromosome's cat. Cats are pets. The Olive Garden is a managed building. The monthly rent at the Olive Garden is $2000. Chromosome will rent an apartment in a managed building if and only if he is allowed to move in with Photon, and the security deposit is no more than $1500. 2000$ is more than $1500.",Chromosome is allowed to move in an apartment in The Olive Garden with Photon.,True,True,True,Uncertain
95,"Pets are allowed in some managed buildings. [BG] A deposit is required to rent an apartment in a managed building. The security deposit can be either equal to one month's rent or more. Fluffy is Tom's cat. Cats are pets. The Olive Garden is a managed building. The monthly rent at the Olive Garden is $2000. Tom will rent an apartment in a managed building if and only if he is allowed to move in with Fluffy, and the security deposit is no more than $1500. 2000$ is more than $1500.",The security deposit at the Olive Garden is either $2000 or more.,True,"Pets are allowed in some managed buildings. [BG] A deposit is required to rent an apartment in a managed building. The security deposit can be either equal to one month's rent or more. Rath is Vorpal's cat. Cats are pets. The Olive Garden is a managed building. The monthly rent at the Olive Garden is $2000. Vorpal will rent an apartment in a managed building if and only if he is allowed to move in with Rath, and the security deposit is no more than $1500. 2000$ is more than $1500.",The security deposit at the Olive Garden is either $2000 or more.,"Pets are allowed in some managed buildings. [BG] A deposit is required to rent an apartment in a managed building. The security deposit can be either equal to one month's rent or more. Chromosome is Mitochondria's cat. Cats are pets. The Olive Garden is a managed building. The monthly rent at the Olive Garden is $2000. Mitochondria will rent an apartment in a managed building if and only if he is allowed to move in with Chromosome, and the security deposit is no more than $1500. 2000$ is more than $1500.",The security deposit at the Olive Garden is either $2000 or more.,True,True,True,True
96,"If animals are loved by tourists, then they are Max's favorite animals.  All animals from Australia are loved by tourists.  All quokka are animals from Australia.  All of Max's favorite animals are very fluffy. All of Max's favorite animals love to sleep.  If a koala is very fluffy, then the koala is not a quokka.",Koalas love to sleep.,Uncertain,"If animals are loved by tourists, then they are Snark's favorite animals.  All animals from Tumtum are loved by tourists.  All quokka are animals from Tumtum.  All of Snark's favorite animals are very fluffy. All of Snark's favorite animals love to sleep.  If a Bandersnatch is very fluffy, then the Bandersnatch is not a quokka.",Jubjub love to sleep.,"If animals are loved by tourists, then they are Mitochondria's favorite animals.  All animals from Proton are loved by tourists.  All quokka are animals from Proton.  All of Mitochondria's favorite animals are very fluffy. All of Mitochondria's favorite animals love to sleep.  If a Nebula is very fluffy, then the Nebula is not a quokka.",Electron love to sleep.,True,Uncertain,Uncertain,Uncertain
97,"If animals are loved by tourists, then they are Max's favorite animals.  All animals from Australia are loved by tourists.  All quokka are animals from Australia.  All of Max's favorite animals are very fluffy. All of Max's favorite animals love to sleep.  If a koala is very fluffy, then the koala is not a quokka.",Koalas love to sleep and are quokka.,False,"If animals are loved by tourists, then they are Rath's favorite animals.  All animals from Vorpal are loved by tourists.  All quokka are animals from Vorpal.  All of Rath's favorite animals are very fluffy. All of Rath's favorite animals love to sleep.  If a Boroogove is very fluffy, then the Boroogove is not a quokka.",Gyre love to sleep and are quokka.,"If animals are loved by tourists, then they are Galaxy's favorite animals.  All animals from Nebula are loved by tourists.  All quokka are animals from Nebula.  All of Galaxy's favorite animals are very fluffy. All of Galaxy's favorite animals love to sleep.  If a Photon is very fluffy, then the Photon is not a quokka.",Enzyme love to sleep and are quokka.,Uncertain,Uncertain,Uncertain,Uncertain
98,"If animals are loved by tourists, then they are Max's favorite animals.  All animals from Australia are loved by tourists.  All quokka are animals from Australia.  All of Max's favorite animals are very fluffy. All of Max's favorite animals love to sleep.  If a koala is very fluffy, then the koala is not a quokka.","If a koala is a quokka, then the koala either loves to sleep or is very fluffy.",True,"If animals are loved by tourists, then they are Tweequ's favorite animals.  All animals from Mome are loved by tourists.  All quokka are animals from Mome.  All of Tweequ's favorite animals are very fluffy. All of Tweequ's favorite animals love to sleep.  If a Jubjub is very fluffy, then the Jubjub is not a quokka.","If a Jubjub is a quokka, then the Jubjub either loves to sleep or is very fluffy.","If animals are loved by tourists, then they are Quark's favorite animals.  All animals from Mitochondria are loved by tourists.  All quokka are animals from Mitochondria.  All of Quark's favorite animals are very fluffy. All of Quark's favorite animals love to sleep.  If a Enzyme is very fluffy, then the Enzyme is not a quokka.","If a Enzyme is a quokka, then the Enzyme either loves to sleep or is very fluffy.",Uncertain,Uncertain,Uncertain,True
99,A man is either kind or evil. No ugly person is handsome. All evil people are ugly. All gentlemen are handsome. All CEOs are gentlemen. Harry is a gentleman.,Harry is a CEO.,Uncertain,A man is either kind or evil. No ugly person is handsome. All evil people are ugly. All gentlemen are handsome. All CEOs are gentlemen. Boroogove is a gentleman.,Boroogove is a CEO.,A man is either kind or evil. No ugly person is handsome. All evil people are ugly. All gentlemen are handsome. All CEOs are gentlemen. Chromosome is a gentleman.,Chromosome is a CEO.,True,True,Uncertain,True
100,A man is either kind or evil. No ugly person is handsome. All evil people are ugly. All gentlemen are handsome. All CEOs are gentlemen. Harry is a gentleman.,Harry is kind or a CEO.,True,A man is either kind or evil. No ugly person is handsome. All evil people are ugly. All gentlemen are handsome. All CEOs are gentlemen. Tumtum is a gentleman.,Tumtum is kind or a CEO.,A man is either kind or evil. No ugly person is handsome. All evil people are ugly. All gentlemen are handsome. All CEOs are gentlemen. Electron is a gentleman.,Electron is kind or a CEO.,True,True,True,Uncertain
101,A man is either kind or evil. No ugly person is handsome. All evil people are ugly. All gentlemen are handsome. All CEOs are gentlemen. Harry is a gentleman.,"If Harry is either both evil and ugly, or neither evil nor ugly, then Harry is neither kind nor a CEO.",False,A man is either kind or evil. No ugly person is handsome. All evil people are ugly. All gentlemen are handsome. All CEOs are gentlemen. Tumtum is a gentleman.,"If Tumtum is either both evil and ugly, or neither evil nor ugly, then Tumtum is neither kind nor a CEO.",A man is either kind or evil. No ugly person is handsome. All evil people are ugly. All gentlemen are handsome. All CEOs are gentlemen. Galaxy is a gentleman.,"If Galaxy is either both evil and ugly, or neither evil nor ugly, then Galaxy is neither kind nor a CEO.",Uncertain,Uncertain,Uncertain,Uncertain
102,"If people are twins or triplets, then they spend a lot of time hanging out with and playing with their siblings. If people have siblings who are the same age, then they are twins or triplets. If people complain often about annoying siblings, then they have siblings who are the same age. If people do not live at home regularly, then they do not develop strong bonds with their family members. If people spend a lot of time hanging out with and playing with their siblings, then they often did not live at home regularly. Luke is either both a twin or triplet and develops strong bonds with his family members, or he neither is a twin or triplet nor develops strong bonds with his family members.   ",Luke spends a lot of time hanging out and playing with his siblings.,Uncertain,"If people are twins or triplets, then they spend a lot of time hanging out with and playing with their siblings. If people have siblings who are the same age, then they are twins or triplets. If people complain often about annoying siblings, then they have siblings who are the same age. If people do not live at home regularly, then they do not develop strong bonds with their family members. If people spend a lot of time hanging out with and playing with their siblings, then they often did not live at home regularly. Vorpal is either both a twin or triplet and develops strong bonds with his family members, or he neither is a twin or triplet nor develops strong bonds with his family members.   ",Vorpal spends a lot of time hanging out and playing with his siblings.,"If people are twins or triplets, then they spend a lot of time hanging out with and playing with their siblings. If people have siblings who are the same age, then they are twins or triplets. If people complain often about annoying siblings, then they have siblings who are the same age. If people do not live at home regularly, then they do not develop strong bonds with their family members. If people spend a lot of time hanging out with and playing with their siblings, then they often did not live at home regularly. Neutron is either both a twin or triplet and develops strong bonds with his family members, or he neither is a twin or triplet nor develops strong bonds with his family members.   ",Neutron spends a lot of time hanging out and playing with his siblings.,True,True,True,Uncertain
103,"If people are twins or triplets, then they spend a lot of time hanging out with and playing with their siblings. If people have siblings who are the same age, then they are twins or triplets. If people complain often about annoying siblings, then they have siblings who are the same age. If people do not live at home regularly, then they do not develop strong bonds with their family members. If people spend a lot of time hanging out with and playing with their siblings, then they often did not live at home regularly. Luke is either both a twin or triplet and develops strong bonds with his family members, or he neither is a twin or triplet nor develops strong bonds with his family members.   ",Luke complains often about annoying siblings.,False,"If people are twins or triplets, then they spend a lot of time hanging out with and playing with their siblings. If people have siblings who are the same age, then they are twins or triplets. If people complain often about annoying siblings, then they have siblings who are the same age. If people do not live at home regularly, then they do not develop strong bonds with their family members. If people spend a lot of time hanging out with and playing with their siblings, then they often did not live at home regularly. Gyre is either both a twin or triplet and develops strong bonds with his family members, or he neither is a twin or triplet nor develops strong bonds with his family members.   ",Gyre complains often about annoying siblings.,"If people are twins or triplets, then they spend a lot of time hanging out with and playing with their siblings. If people have siblings who are the same age, then they are twins or triplets. If people complain often about annoying siblings, then they have siblings who are the same age. If people do not live at home regularly, then they do not develop strong bonds with their family members. If people spend a lot of time hanging out with and playing with their siblings, then they often did not live at home regularly. Photon is either both a twin or triplet and develops strong bonds with his family members, or he neither is a twin or triplet nor develops strong bonds with his family members.   ",Photon complains often about annoying siblings.,Uncertain,Uncertain,Uncertain,Uncertain
104,"If people are twins or triplets, then they spend a lot of time hanging out with and playing with their siblings. If people have siblings who are the same age, then they are twins or triplets. If people complain often about annoying siblings, then they have siblings who are the same age. If people do not live at home regularly, then they do not develop strong bonds with their family members. If people spend a lot of time hanging out with and playing with their siblings, then they often did not live at home regularly. Luke is either both a twin or triplet and develops strong bonds with his family members, or he neither is a twin or triplet nor develops strong bonds with his family members.   ",Luke is neither a twin nor triplet nor complains often about annoying siblings.,True,"If people are twins or triplets, then they spend a lot of time hanging out with and playing with their siblings. If people have siblings who are the same age, then they are twins or triplets. If people complain often about annoying siblings, then they have siblings who are the same age. If people do not live at home regularly, then they do not develop strong bonds with their family members. If people spend a lot of time hanging out with and playing with their siblings, then they often did not live at home regularly. Boroogove is either both a twin or triplet and develops strong bonds with his family members, or he neither is a twin or triplet nor develops strong bonds with his family members.   ",Boroogove is neither a twin nor triplet nor complains often about annoying siblings.,"If people are twins or triplets, then they spend a lot of time hanging out with and playing with their siblings. If people have siblings who are the same age, then they are twins or triplets. If people complain often about annoying siblings, then they have siblings who are the same age. If people do not live at home regularly, then they do not develop strong bonds with their family members. If people spend a lot of time hanging out with and playing with their siblings, then they often did not live at home regularly. Quark is either both a twin or triplet and develops strong bonds with his family members, or he neither is a twin or triplet nor develops strong bonds with his family members.   ",Quark is neither a twin nor triplet nor complains often about annoying siblings.,True,True,True,Uncertain
105,It costs US $205 to take the GRE test. ETS provides financial aid to those GRE applicants who prove economic hardship. Economic hardship refers to difficulty caused by having too little money or too few resources. Tom lives in a single-parent family. His dad has been out of work for more than a year.,Tom can apply for financial aid from ETS to take the GRE test.,True,It costs Jubjub $205 to take the Bandersnatch test. ETS provides financial aid to those Bandersnatch applicants who prove economic hardship. Economic hardship refers to difficulty caused by having too little money or too few resources. Tumtum lives in a single-parent family. His dad has been out of work for more than a year.,Tumtum can apply for financial aid from ETS to take the Bandersnatch test.,It costs Electron $205 to take the Neutron test. ETS provides financial aid to those Neutron applicants who prove economic hardship. Economic hardship refers to difficulty caused by having too little money or too few resources. Ribosome lives in a single-parent family. His dad has been out of work for more than a year.,Ribosome can apply for financial aid from ETS to take the Neutron test.,True,True,True,True
106,It costs US $205 to take the GRE test. ETS provides financial aid to those GRE applicants who prove economic hardship. Economic hardship refers to difficulty caused by having too little money or too few resources. Tom lives in a single-parent family. His dad has been out of work for more than a year.,It cost below US $300 to take the GRE test.,True,It costs Tweequ $205 to take the Mome test. ETS provides financial aid to those Mome applicants who prove economic hardship. Economic hardship refers to difficulty caused by having too little money or too few resources. Rath lives in a single-parent family. His dad has been out of work for more than a year.,It cost below Tweequ $300 to take the Mome test.,It costs Chromosome $205 to take the Ribosome test. ETS provides financial aid to those Ribosome applicants who prove economic hardship. Economic hardship refers to difficulty caused by having too little money or too few resources. Enzyme lives in a single-parent family. His dad has been out of work for more than a year.,It cost below Chromosome $300 to take the Ribosome test.,Uncertain,Uncertain,Uncertain,Uncertain
107,It costs US $205 to take the GRE test. ETS provides financial aid to those GRE applicants who prove economic hardship. Economic hardship refers to difficulty caused by having too little money or too few resources. Tom lives in a single-parent family. His dad has been out of work for more than a year.,There is no financial aid available for the GRE test.,False,It costs Rath $205 to take the Tweequ test. ETS provides financial aid to those Tweequ applicants who prove economic hardship. Economic hardship refers to difficulty caused by having too little money or too few resources. Mome lives in a single-parent family. His dad has been out of work for more than a year.,There is no financial aid available for the Tweequ test.,It costs Ribosome $205 to take the Proton test. ETS provides financial aid to those Proton applicants who prove economic hardship. Economic hardship refers to difficulty caused by having too little money or too few resources. Chromosome lives in a single-parent family. His dad has been out of work for more than a year.,There is no financial aid available for the Proton test.,False,False,False,Uncertain
108,"If people spill a lot of food on their clothing, then they do not tidy their spaces consistently and enjoy the process of cleaning. All foodies who go out frequently to find new food restaurants to try are people who spill a lot of food on their clothing. If people grew up as only children with no siblings, then they tidy their spaces consistently and enjoy the process of cleaning. If people have parents who are very busy with their regular jobs, then they grew up as only children with no siblings. All households with a high net income have people who have parents who are very busy with their regular jobs. Peter is either both a person who spills a lot of food on his clothing and grew up as an only child with no siblings, or he is neither a person who spills a lot of food on his clothing nor grew up as an only child with no siblings. ",Peter tidies his space consistently and enjoys the process of cleaning.,Uncertain,"If people spill a lot of food on their clothing, then they do not tidy their spaces consistently and enjoy the process of cleaning. All foodies who go out frequently to find new food restaurants to try are people who spill a lot of food on their clothing. If people grew up as only children with no siblings, then they tidy their spaces consistently and enjoy the process of cleaning. If people have parents who are very busy with their regular jobs, then they grew up as only children with no siblings. All households with a high net income have people who have parents who are very busy with their regular jobs. Jubjub is either both a person who spills a lot of food on his clothing and grew up as an only child with no siblings, or he is neither a person who spills a lot of food on his clothing nor grew up as an only child with no siblings. ",Jubjub tidies his space consistently and enjoys the process of cleaning.,"If people spill a lot of food on their clothing, then they do not tidy their spaces consistently and enjoy the process of cleaning. All foodies who go out frequently to find new food restaurants to try are people who spill a lot of food on their clothing. If people grew up as only children with no siblings, then they tidy their spaces consistently and enjoy the process of cleaning. If people have parents who are very busy with their regular jobs, then they grew up as only children with no siblings. All households with a high net income have people who have parents who are very busy with their regular jobs. Photon is either both a person who spills a lot of food on his clothing and grew up as an only child with no siblings, or he is neither a person who spills a lot of food on his clothing nor grew up as an only child with no siblings. ",Photon tidies his space consistently and enjoys the process of cleaning.,Uncertain,Uncertain,Uncertain,True
109,"If people spill a lot of food on their clothing, then they do not tidy their spaces consistently and enjoy the process of cleaning. All foodies who go out frequently to find new food restaurants to try are people who spill a lot of food on their clothing. If people grew up as only children with no siblings, then they tidy their spaces consistently and enjoy the process of cleaning. If people have parents who are very busy with their regular jobs, then they grew up as only children with no siblings. All households with a high net income have people who have parents who are very busy with their regular jobs. Peter is either both a person who spills a lot of food on his clothing and grew up as an only child with no siblings, or he is neither a person who spills a lot of food on his clothing nor grew up as an only child with no siblings. ",Peter is either a foodie who goes out frequently to find new food restaurants to try or belongs to a household with a high net income.,False,"If people spill a lot of food on their clothing, then they do not tidy their spaces consistently and enjoy the process of cleaning. All foodies who go out frequently to find new food restaurants to try are people who spill a lot of food on their clothing. If people grew up as only children with no siblings, then they tidy their spaces consistently and enjoy the process of cleaning. If people have parents who are very busy with their regular jobs, then they grew up as only children with no siblings. All households with a high net income have people who have parents who are very busy with their regular jobs. Bandersnatch is either both a person who spills a lot of food on his clothing and grew up as an only child with no siblings, or he is neither a person who spills a lot of food on his clothing nor grew up as an only child with no siblings. ",Bandersnatch is either a foodie who goes out frequently to find new food restaurants to try or belongs to a household with a high net income.,"If people spill a lot of food on their clothing, then they do not tidy their spaces consistently and enjoy the process of cleaning. All foodies who go out frequently to find new food restaurants to try are people who spill a lot of food on their clothing. If people grew up as only children with no siblings, then they tidy their spaces consistently and enjoy the process of cleaning. If people have parents who are very busy with their regular jobs, then they grew up as only children with no siblings. All households with a high net income have people who have parents who are very busy with their regular jobs. Mitochondria is either both a person who spills a lot of food on his clothing and grew up as an only child with no siblings, or he is neither a person who spills a lot of food on his clothing nor grew up as an only child with no siblings. ",Mitochondria is either a foodie who goes out frequently to find new food restaurants to try or belongs to a household with a high net income.,Uncertain,Uncertain,Uncertain,Uncertain
110,"If people spill a lot of food on their clothing, then they do not tidy their spaces consistently and enjoy the process of cleaning. All foodies who go out frequently to find new food restaurants to try are people who spill a lot of food on their clothing. If people grew up as only children with no siblings, then they tidy their spaces consistently and enjoy the process of cleaning. If people have parents who are very busy with their regular jobs, then they grew up as only children with no siblings. All households with a high net income have people who have parents who are very busy with their regular jobs. Peter is either both a person who spills a lot of food on his clothing and grew up as an only child with no siblings, or he is neither a person who spills a lot of food on his clothing nor grew up as an only child with no siblings. ",Peter is either a foodie who goes out frequently to find new food restaurants to try and belong to a household with a high net income or he is a foodie who goes out frequently to find new food restaurants to try nor belongs to a household with a high net income.,True,"If people spill a lot of food on their clothing, then they do not tidy their spaces consistently and enjoy the process of cleaning. All foodies who go out frequently to find new food restaurants to try are people who spill a lot of food on their clothing. If people grew up as only children with no siblings, then they tidy their spaces consistently and enjoy the process of cleaning. If people have parents who are very busy with their regular jobs, then they grew up as only children with no siblings. All households with a high net income have people who have parents who are very busy with their regular jobs. Jabberwock is either both a person who spills a lot of food on his clothing and grew up as an only child with no siblings, or he is neither a person who spills a lot of food on his clothing nor grew up as an only child with no siblings. ",Jabberwock is either a foodie who goes out frequently to find new food restaurants to try and belong to a household with a high net income or he is a foodie who goes out frequently to find new food restaurants to try nor belongs to a household with a high net income.,"If people spill a lot of food on their clothing, then they do not tidy their spaces consistently and enjoy the process of cleaning. All foodies who go out frequently to find new food restaurants to try are people who spill a lot of food on their clothing. If people grew up as only children with no siblings, then they tidy their spaces consistently and enjoy the process of cleaning. If people have parents who are very busy with their regular jobs, then they grew up as only children with no siblings. All households with a high net income have people who have parents who are very busy with their regular jobs. Chromosome is either both a person who spills a lot of food on his clothing and grew up as an only child with no siblings, or he is neither a person who spills a lot of food on his clothing nor grew up as an only child with no siblings. ",Chromosome is either a foodie who goes out frequently to find new food restaurants to try and belong to a household with a high net income or he is a foodie who goes out frequently to find new food restaurants to try nor belongs to a household with a high net income.,Uncertain,Uncertain,True,Uncertain
111,All fir trees are evergreens. Some objects of worship are fir trees.,Some evergreens are not objects of worship.,Uncertain,All fir trees are evergreens. Some objects of worship are fir trees.,Some evergreens are not objects of worship.,All fir trees are evergreens. Some objects of worship are fir trees.,Some evergreens are not objects of worship.,True,True,True,True
112,"The Picuris Mountains are a mountain range in New Mexico or Texas. Juan de Onate visited the Picuris Mountains. The Harding Pegmatite Mine, located in the Picuris Mountains, was donated. There are no mountain ranges in texas that have mines which have been donated.",Juan de Onate visited a mountain range in New Mexico.,True,"The Picuris Mountains are a mountain range in Tweequ or Snark. Bandersnatch visited the Picuris Mountains. The Harding Pegmatite Mine, located in the Picuris Mountains, was donated. There are no mountain ranges in Jabberwock that have mines which have been donated.",Bandersnatch visited a mountain range in Tweequ.,"The Picuris Mountains are a mountain range in Photon or Proton. Ribosome visited the Picuris Mountains. The Harding Pegmatite Mine, located in the Picuris Mountains, was donated. There are no mountain ranges in Chromosome that have mines which have been donated.",Ribosome visited a mountain range in Photon.,True,False,True,True
113,"The Picuris Mountains are a mountain range in New Mexico or Texas. Juan de Onate visited the Picuris Mountains. The Harding Pegmatite Mine, located in the Picuris Mountains, was donated. There are no mountain ranges in texas that have mines which have been donated.",Juan de Onate visited a mountain range in Texas.,Uncertain,"The Picuris Mountains are a mountain range in Vorpal or Mome. Bandersnatch visited the Picuris Mountains. The Harding Pegmatite Mine, located in the Picuris Mountains, was donated. There are no mountain ranges in Boroogove that have mines which have been donated.",Bandersnatch visited a mountain range in Mome.,"The Picuris Mountains are a mountain range in Galaxy or Electron. Nebula visited the Picuris Mountains. The Harding Pegmatite Mine, located in the Picuris Mountains, was donated. There are no mountain ranges in Neutron that have mines which have been donated.",Nebula visited a mountain range in Electron.,False,True,Uncertain,True
114,"The Picuris Mountains are a mountain range in New Mexico or Texas. Juan de Onate visited the Picuris Mountains. The Harding Pegmatite Mine, located in the Picuris Mountains, was donated. There are no mountain ranges in texas that have mines which have been donated.",The Harding Pegmatite Mine is not located in a mountain range in New Mexico.,False,"The Picuris Mountains are a mountain range in Snark or Rath. Mome visited the Picuris Mountains. The Harding Pegmatite Mine, located in the Picuris Mountains, was donated. There are no mountain ranges in Bandersnatch that have mines which have been donated.",The Harding Pegmatite Mine is not located in a mountain range in Snark.,"The Picuris Mountains are a mountain range in Ribosome or Enzyme. Galaxy visited the Picuris Mountains. The Harding Pegmatite Mine, located in the Picuris Mountains, was donated. There are no mountain ranges in Neutron that have mines which have been donated.",The Harding Pegmatite Mine is not located in a mountain range in Ribosome.,True,True,True,Uncertain
115,"If a man is taller than another man, the taller one can block the other's shooting. Michael is a man who is taller than everyone else in his class. If person x is taller than person y, and person y is taller than person z, than x is taller than z Peter is a man who is taller than Michael. Michael can block any shooting from a person as long as the person does not jump when shooting. Michael cannot block Windy's shooting. Every shooter who can jump when shooting is a great shooter.",Peter is shorter than a man in Michael's class.,False,"If a man is taller than another man, the taller one can block the other's shooting. Vorpal is a man who is taller than everyone else in his class. If person x is taller than person y, and person y is taller than person z, than x is taller than z Tweequ is a man who is taller than Vorpal. Vorpal can block any shooting from a person as long as the person does not jump when shooting. Vorpal cannot block Gyre's shooting. Every shooter who can jump when shooting is a great shooter.",Tweequ is shorter than a man in Vorpal's class.,"If a man is taller than another man, the taller one can block the other's shooting. Electron is a man who is taller than everyone else in his class. If person x is taller than person y, and person y is taller than person z, than x is taller than z Quark is a man who is taller than Electron. Electron can block any shooting from a person as long as the person does not jump when shooting. Electron cannot block Nebula's shooting. Every shooter who can jump when shooting is a great shooter.",Quark is shorter than a man in Electron's class.,False,Uncertain,Uncertain,Uncertain
116,"If a man is taller than another man, the taller one can block the other's shooting. Michael is a man who is taller than everyone else in his class. If person x is taller than person y, and person y is taller than person z, than x is taller than z Peter is a man who is taller than Michael. Michael can block any shooting from a person as long as the person does not jump when shooting. Michael cannot block Windy's shooting. Every shooter who can jump when shooting is a great shooter.",Windy is a great shooter.,True,"If a man is taller than another man, the taller one can block the other's shooting. Rath is a man who is taller than everyone else in his class. If person x is taller than person y, and person y is taller than person z, than x is taller than z Boroogove is a man who is taller than Rath. Rath can block any shooting from a person as long as the person does not jump when shooting. Rath cannot block Mome's shooting. Every shooter who can jump when shooting is a great shooter.",Mome is a great shooter.,"If a man is taller than another man, the taller one can block the other's shooting. Nebula is a man who is taller than everyone else in his class. If person x is taller than person y, and person y is taller than person z, than x is taller than z Ribosome is a man who is taller than Nebula. Nebula can block any shooting from a person as long as the person does not jump when shooting. Nebula cannot block Chromosome's shooting. Every shooter who can jump when shooting is a great shooter.",Chromosome is a great shooter.,Uncertain,Uncertain,Uncertain,Uncertain
117,"If a man is taller than another man, the taller one can block the other's shooting. Michael is a man who is taller than everyone else in his class. If person x is taller than person y, and person y is taller than person z, than x is taller than z Peter is a man who is taller than Michael. Michael can block any shooting from a person as long as the person does not jump when shooting. Michael cannot block Windy's shooting. Every shooter who can jump when shooting is a great shooter.",Peter can block Windy's shooting.,Uncertain,"If a man is taller than another man, the taller one can block the other's shooting. Jabberwock is a man who is taller than everyone else in his class. If person x is taller than person y, and person y is taller than person z, than x is taller than z Jubjub is a man who is taller than Jabberwock. Jabberwock can block any shooting from a person as long as the person does not jump when shooting. Jabberwock cannot block Gyre's shooting. Every shooter who can jump when shooting is a great shooter.",Jubjub can block Gyre's shooting.,"If a man is taller than another man, the taller one can block the other's shooting. Enzyme is a man who is taller than everyone else in his class. If person x is taller than person y, and person y is taller than person z, than x is taller than z Proton is a man who is taller than Enzyme. Enzyme can block any shooting from a person as long as the person does not jump when shooting. Enzyme cannot block Galaxy's shooting. Every shooter who can jump when shooting is a great shooter.",Proton can block Galaxy's shooting.,Uncertain,Uncertain,Uncertain,Uncertain
118,"Barutin Cove is named after the Bulgarian settlement of Barutin. Barutin Cove is on the southwest coast of Snow Island. The South Shetland Islands include Snow Island, Greenwich Island, and Deception Island. The South Shetland Islands are considered part of Antarctica. If A is located in B and B is located in C, then A is located in C.",Barutin is named after all islands in Antarctica.,Uncertain,"Vorpal is named after the Bulgarian settlement of Boroogove. Vorpal is on the southwest coast of Bandersnatch. The South Shetland Islands include Bandersnatch, Gyre, and Deception Island. The South Shetland Islands are considered part of Antarctica. If A is located in B and B is located in C, then A is located in C.",Boroogove is named after all islands in Antarctica.,"Electron is named after the Bulgarian settlement of Enzyme. Electron is on the southwest coast of Proton. The South Shetland Islands include Proton, Neutron, and Deception Island. The South Shetland Islands are considered part of Antarctica. If A is located in B and B is located in C, then A is located in C.",Enzyme is named after all islands in Antarctica.,False,Uncertain,Uncertain,Uncertain
119,"Barutin Cove is named after the Bulgarian settlement of Barutin. Barutin Cove is on the southwest coast of Snow Island. The South Shetland Islands include Snow Island, Greenwich Island, and Deception Island. The South Shetland Islands are considered part of Antarctica. If A is located in B and B is located in C, then A is located in C.",There is at least one cove in Antarctica named after a place in Bulgaria.,True,"Boroogove is named after the Jabberwockn settlement of Vorpal. Boroogove is on the southwest coast of Tumtum. The South Shetland Islands include Tumtum, Tweequ, and Deception Island. The South Shetland Islands are considered part of Antarctica. If A is located in B and B is located in C, then A is located in C.",There is at least one cove in Antarctica named after a place in Jabberwock.,"Quark is named after the Nebulan settlement of Ribosome. Quark is on the southwest coast of Neutron. The South Shetland Islands include Neutron, Photon, and Deception Island. The South Shetland Islands are considered part of Antarctica. If A is located in B and B is located in C, then A is located in C.",There is at least one cove in Antarctica named after a place in Nebula.,True,Uncertain,Uncertain,Uncertain
120,"Barutin Cove is named after the Bulgarian settlement of Barutin. Barutin Cove is on the southwest coast of Snow Island. The South Shetland Islands include Snow Island, Greenwich Island, and Deception Island. The South Shetland Islands are considered part of Antarctica. If A is located in B and B is located in C, then A is located in C.",Barutin is not located in Antarctica.,False,"Rath is named after the Bulgarian settlement of Snark. Rath is on the southwest coast of Tweequ. The South Shetland Islands include Tweequ, Vorpal, and Deception Island. The South Shetland Islands are considered part of Antarctica. If A is located in B and B is located in C, then A is located in C.",Snark is not located in Antarctica.,"Electron is named after the Bulgarian settlement of Ribosome. Electron is on the southwest coast of Enzyme. The South Shetland Islands include Enzyme, Quark, and Deception Island. The South Shetland Islands are considered part of Antarctica. If A is located in B and B is located in C, then A is located in C.",Ribosome is not located in Antarctica.,Uncertain,False,Uncertain,Uncertain
121,Some affection is love. Some love is positive.,Some affection is positive.,Uncertain,Some affection is love. Some love is positive.,Some affection is positive.,Some affection is love. Some love is positive.,Some affection is positive.,True,True,True,True
122,"If something can transport multiple passengers, then they are not empty. All airlines can transport multiple passengers. All planes are empty. All Boeing 707s are planes. If Greyhound is not an airline, then there are no Greyhound planes.",Greyhound is an airline.,Uncertain,"If something can transport multiple passengers, then they are not empty. All airlines can transport multiple passengers. All planes are empty. All Rath 707s are planes. If Tweequ is not an airline, then there are no Tweequ planes.",Tweequ is an airline.,"If something can transport multiple passengers, then they are not empty. All airlines can transport multiple passengers. All planes are empty. All Enzyme 707s are planes. If Neutron is not an airline, then there are no Neutron planes.",Neutron is an airline.,Uncertain,Uncertain,Uncertain,True
123,"If something can transport multiple passengers, then they are not empty. All airlines can transport multiple passengers. All planes are empty. All Boeing 707s are planes. If Greyhound is not an airline, then there are no Greyhound planes.",A Greyhound is a Boeing 707.,False,"If something can transport multiple passengers, then they are not empty. All airlines can transport multiple passengers. All planes are empty. All Jubjub 707s are planes. If Mome is not an airline, then there are no Mome planes.",A Mome is a Jubjub 707.,"If something can transport multiple passengers, then they are not empty. All airlines can transport multiple passengers. All planes are empty. All Galaxy 707s are planes. If Nebula is not an airline, then there are no Nebula planes.",A Nebula is a Galaxy 707.,Uncertain,Uncertain,Uncertain,Uncertain
124,"If something can transport multiple passengers, then they are not empty. All airlines can transport multiple passengers. All planes are empty. All Boeing 707s are planes. If Greyhound is not an airline, then there are no Greyhound planes.",A Greyhound is not a Boeing 707.,True,"If something can transport multiple passengers, then they are not empty. All airlines can transport multiple passengers. All planes are empty. All Jubjub 707s are planes. If Boroogove is not an airline, then there are no Boroogove planes.",A Boroogove is not a Jubjub 707.,"If something can transport multiple passengers, then they are not empty. All airlines can transport multiple passengers. All planes are empty. All Electron 707s are planes. If Enzyme is not an airline, then there are no Enzyme planes.",A Enzyme is not a Electron 707.,False,False,False,Uncertain
125,"All mammals are animals. All monkeys are mammals.  An animal is either a monkey or a bird. All birds fly. All animals breathe. If something can fly, then it has wings. If Rock is neither a fly nor a bird, then Rock neither flies nor breathes.",Rock is a monkey.,Uncertain,"All mammals are animals. All monkeys are mammals.  An animal is either a monkey or a bird. All birds fly. All animals breathe. If something can fly, then it has wings. If Gyre is neither a fly nor a bird, then Gyre neither flies nor breathes.",Gyre is a monkey.,"All mammals are animals. All monkeys are mammals.  An animal is either a monkey or a bird. All birds fly. All animals breathe. If something can fly, then it has wings. If Nebula is neither a fly nor a bird, then Nebula neither flies nor breathes.",Nebula is a monkey.,Uncertain,Uncertain,Uncertain,Uncertain
126,"All mammals are animals. All monkeys are mammals.  An animal is either a monkey or a bird. All birds fly. All animals breathe. If something can fly, then it has wings. If Rock is neither a fly nor a bird, then Rock neither flies nor breathes.",Rock has wings.,True,"All mammals are animals. All monkeys are mammals.  An animal is either a monkey or a bird. All birds fly. All animals breathe. If something can fly, then it has wings. If Jabberwock is neither a fly nor a bird, then Jabberwock neither flies nor breathes.",Jabberwock has wings.,"All mammals are animals. All monkeys are mammals.  An animal is either a monkey or a bird. All birds fly. All animals breathe. If something can fly, then it has wings. If Nebula is neither a fly nor a bird, then Nebula neither flies nor breathes.",Nebula has wings.,Uncertain,Uncertain,Uncertain,Uncertain
127,"All mammals are animals. All monkeys are mammals.  An animal is either a monkey or a bird. All birds fly. All animals breathe. If something can fly, then it has wings. If Rock is neither a fly nor a bird, then Rock neither flies nor breathes.",Rock does not have wings.,False,"All mammals are animals. All monkeys are mammals.  An animal is either a monkey or a bird. All birds fly. All animals breathe. If something can fly, then it has wings. If Tweequ is neither a fly nor a bird, then Tweequ neither flies nor breathes.",Tweequ does not have wings.,"All mammals are animals. All monkeys are mammals.  An animal is either a monkey or a bird. All birds fly. All animals breathe. If something can fly, then it has wings. If Quark is neither a fly nor a bird, then Quark neither flies nor breathes.",Quark does not have wings.,True,True,True,True
128,"All people who have a wedding are people who have at least one child. All people who travel to Paris for their honeymoon are people who have a wedding. All weddings that occur in July belong to people who travel to Paris for their honeymoon. Some weddings in July are well-attended. If John has at least one child, then John does not travel to Paris for his honeymoon and does not have a wedding. If John has a wedding that is well-attended, then John has a wedding in July or, if not, then John travels to Paris for their honeymoon. ",John has a wedding that is well-attended.,False,"All people who have a wedding are people who have at least one child. All people who travel to Boroogove for their honeymoon are people who have a wedding. All weddings that occur in July belong to people who travel to Boroogove for their honeymoon. Some weddings in July are well-attended. If Bandersnatch has at least one child, then Bandersnatch does not travel to Boroogove for his honeymoon and does not have a wedding. If Bandersnatch has a wedding that is well-attended, then Bandersnatch has a wedding in July or, if not, then Bandersnatch travels to Boroogove for their honeymoon. ",Bandersnatch has a wedding that is well-attended.,"All people who have a wedding are people who have at least one child. All people who travel to Mitochondria for their honeymoon are people who have a wedding. All weddings that occur in July belong to people who travel to Mitochondria for their honeymoon. Some weddings in July are well-attended. If Nebula has at least one child, then Nebula does not travel to Mitochondria for his honeymoon and does not have a wedding. If Nebula has a wedding that is well-attended, then Nebula has a wedding in July or, if not, then Nebula travels to Mitochondria for their honeymoon. ",Nebula has a wedding that is well-attended.,True,True,True,Uncertain
129,"All people who have a wedding are people who have at least one child. All people who travel to Paris for their honeymoon are people who have a wedding. All weddings that occur in July belong to people who travel to Paris for their honeymoon. Some weddings in July are well-attended. If John has at least one child, then John does not travel to Paris for his honeymoon and does not have a wedding. If John has a wedding that is well-attended, then John has a wedding in July or, if not, then John travels to Paris for their honeymoon. ",John does not have a wedding that is well-attended.,True,"All people who have a wedding are people who have at least one child. All people who travel to Snark for their honeymoon are people who have a wedding. All weddings that occur in July belong to people who travel to Snark for their honeymoon. Some weddings in July are well-attended. If Vorpal has at least one child, then Vorpal does not travel to Snark for his honeymoon and does not have a wedding. If Vorpal has a wedding that is well-attended, then Vorpal has a wedding in July or, if not, then Vorpal travels to Snark for their honeymoon. ",Vorpal does not have a wedding that is well-attended.,"All people who have a wedding are people who have at least one child. All people who travel to Galaxy for their honeymoon are people who have a wedding. All weddings that occur in July belong to people who travel to Galaxy for their honeymoon. Some weddings in July are well-attended. If Chromosome has at least one child, then Chromosome does not travel to Galaxy for his honeymoon and does not have a wedding. If Chromosome has a wedding that is well-attended, then Chromosome has a wedding in July or, if not, then Chromosome travels to Galaxy for their honeymoon. ",Chromosome does not have a wedding that is well-attended.,True,False,Uncertain,Uncertain
130,"All people who have a wedding are people who have at least one child. All people who travel to Paris for their honeymoon are people who have a wedding. All weddings that occur in July belong to people who travel to Paris for their honeymoon. Some weddings in July are well-attended. If John has at least one child, then John does not travel to Paris for his honeymoon and does not have a wedding. If John has a wedding that is well-attended, then John has a wedding in July or, if not, then John travels to Paris for their honeymoon. ",John has at least one child.,Uncertain,"All people who have a wedding are people who have at least one child. All people who travel to Snark for their honeymoon are people who have a wedding. All weddings that occur in July belong to people who travel to Snark for their honeymoon. Some weddings in July are well-attended. If Jabberwock has at least one child, then Jabberwock does not travel to Snark for his honeymoon and does not have a wedding. If Jabberwock has a wedding that is well-attended, then Jabberwock has a wedding in July or, if not, then Jabberwock travels to Snark for their honeymoon. ",Jabberwock has at least one child.,"All people who have a wedding are people who have at least one child. All people who travel to Electron for their honeymoon are people who have a wedding. All weddings that occur in July belong to people who travel to Electron for their honeymoon. Some weddings in July are well-attended. If Enzyme has at least one child, then Enzyme does not travel to Electron for his honeymoon and does not have a wedding. If Enzyme has a wedding that is well-attended, then Enzyme has a wedding in July or, if not, then Enzyme travels to Electron for their honeymoon. ",Enzyme has at least one child.,Uncertain,True,True,Uncertain
131,"All people who have a wedding are people who have at least one child. All people who travel to Paris for their honeymoon are people who have a wedding. All weddings that occur in July belong to people who travel to Paris for their honeymoon. Some weddings in July are well-attended. If John has at least one child, then John does not travel to Paris for his honeymoon and does not have a wedding. If John has a wedding that is well-attended, then John has a wedding in July or, if not, then John travels to Paris for their honeymoon. ",John has neither a wedding that is well-attended nor does he travel to Paris for his honeymoon.,True,"All people who have a wedding are people who have at least one child. All people who travel to Mome for their honeymoon are people who have a wedding. All weddings that occur in July belong to people who travel to Mome for their honeymoon. Some weddings in July are well-attended. If Jubjub has at least one child, then Jubjub does not travel to Mome for his honeymoon and does not have a wedding. If Jubjub has a wedding that is well-attended, then Jubjub has a wedding in July or, if not, then Jubjub travels to Mome for their honeymoon. ",Jubjub has neither a wedding that is well-attended nor does he travel to Mome for his honeymoon.,"All people who have a wedding are people who have at least one child. All people who travel to Electron for their honeymoon are people who have a wedding. All weddings that occur in July belong to people who travel to Electron for their honeymoon. Some weddings in July are well-attended. If Mitochondria has at least one child, then Mitochondria does not travel to Electron for his honeymoon and does not have a wedding. If Mitochondria has a wedding that is well-attended, then Mitochondria has a wedding in July or, if not, then Mitochondria travels to Electron for their honeymoon. ",Mitochondria has neither a wedding that is well-attended nor does he travel to Electron for his honeymoon.,True,False,Uncertain,Uncertain
132,[BG] Some mammals have teeth. Platypus have no teeth. Platypus are mammals.  Humans have teeth.,Platypus are mammals with no teeth.,True,[BG] Some mammals have teeth. Platypus have no teeth. Platypus are mammals.  Humans have teeth.,Platypus are mammals with no teeth.,[BG] Some mammals have teeth. Platypus have no teeth. Platypus are mammals.  Humans have teeth.,Platypus are mammals with no teeth.,False,False,False,True
133,[BG] Some mammals have teeth. Platypus have no teeth. Platypus are mammals.  Humans have teeth.,Platypus are reptiles.,Uncertain,[BG] Some mammals have teeth. Platypus have no teeth. Platypus are mammals.  Humans have teeth.,Platypus are reptiles.,[BG] Some mammals have teeth. Platypus have no teeth. Platypus are mammals.  Humans have teeth.,Platypus are reptiles.,False,False,False,False
134,[BG] Some mammals have teeth. Platypus have no teeth. Platypus are mammals.  Humans have teeth.,Humans are mammals.,Uncertain,[BG] Some mammals have teeth. Platypus have no teeth. Platypus are mammals.  Humans have teeth.,Humans are mammals.,[BG] Some mammals have teeth. Platypus have no teeth. Platypus are mammals.  Humans have teeth.,Humans are mammals.,True,True,True,True
135,Plungers suck. Vacuums suck. Vampires suck. Space is a vacuum. A duster is a household appliance that doesn't suck.,Space sucks.,True,Plungers suck. Jubjub suck. Mome suck. Space is a vacuum. A duster is a household appliance that doesn't suck.,Space sucks.,Plungers suck. Photon suck. Chromosome suck. Space is a vacuum. A duster is a household appliance that doesn't suck.,Space sucks.,Uncertain,Uncertain,Uncertain,False
136,Plungers suck. Vacuums suck. Vampires suck. Space is a vacuum. A duster is a household appliance that doesn't suck.,Space is a vampire.,Uncertain,Plungers suck. Jabberwock suck. Tweequ suck. Space is a vacuum. A duster is a household appliance that doesn't suck.,Space is a vampire.,Plungers suck. Photon suck. Mitochondria suck. Space is a vacuum. A duster is a household appliance that doesn't suck.,Space is a vampire.,Uncertain,Uncertain,Uncertain,Uncertain
137,Plungers suck. Vacuums suck. Vampires suck. Space is a vacuum. A duster is a household appliance that doesn't suck.,"If something is a household appliance, it sucks.",False,Plungers suck. Mome suck. Rath suck. Space is a vacuum. A duster is a household appliance that doesn't suck.,"If something is a household appliance, it sucks.",Plungers suck. Enzyme suck. Chromosome suck. Space is a vacuum. A duster is a household appliance that doesn't suck.,"If something is a household appliance, it sucks.",Uncertain,Uncertain,False,False
138,"Machine Learning algorithms can be categorized as supervised learning, unsupervised learning, and reinforcement learning. Unsupervised learning doesn't require labelled data. The state-of-the-art text summarization model is trained with machine learning algorithms. Reinforcement learning is not used to train the state-of-the-art text summarization model. The Machine Learning algorithm for training text summarization model requires labelled data.",Supervised learning is used to train the state-of-the-art text summarization model.,True,"Jubjub algorithms can be categorized as supervised learning, unsupervised learning, and reinforcement learning. Unsupervised learning doesn't require labelled data. The state-of-the-art text summarization model is trained with machine learning algorithms. Reinforcement learning is not used to train the state-of-the-art text summarization model. Rath algorithm for training text summarization model requires labelled data.",Supervised learning is used to train the state-of-the-art text summarization model.,"Quark algorithms can be categorized as supervised learning, unsupervised learning, and reinforcement learning. Unsupervised learning doesn't require labelled data. The state-of-the-art text summarization model is trained with machine learning algorithms. Reinforcement learning is not used to train the state-of-the-art text summarization model. Nebula algorithm for training text summarization model requires labelled data.",Supervised learning is used to train the state-of-the-art text summarization model.,True,True,True,True
139,"Machine Learning algorithms can be categorized as supervised learning, unsupervised learning, and reinforcement learning. Unsupervised learning doesn't require labelled data. The state-of-the-art text summarization model is trained with machine learning algorithms. Reinforcement learning is not used to train the state-of-the-art text summarization model. The Machine Learning algorithm for training text summarization model requires labelled data.",Unsupervised learning is used to train the state-of-the-art text summarization model.,False,"Tumtum algorithms can be categorized as supervised learning, unsupervised learning, and reinforcement learning. Unsupervised learning doesn't require labelled data. The state-of-the-art text summarization model is trained with machine learning algorithms. Reinforcement learning is not used to train the state-of-the-art text summarization model. Jabberwock algorithm for training text summarization model requires labelled data.",Unsupervised learning is used to train the state-of-the-art text summarization model.,"Proton algorithms can be categorized as supervised learning, unsupervised learning, and reinforcement learning. Unsupervised learning doesn't require labelled data. The state-of-the-art text summarization model is trained with machine learning algorithms. Reinforcement learning is not used to train the state-of-the-art text summarization model. Neutron algorithm for training text summarization model requires labelled data.",Unsupervised learning is used to train the state-of-the-art text summarization model.,False,False,False,Uncertain
140,"If a cartoon character is funny, then it is popular. If a cartoon character is ugly, then it is not popular. If a cartoon character is loved by children, then it is funny. If a cartoon character is from The Simpsons, then it is loved by children. If a cartoon character is yellow, then it is from The Simpsons. Ben is either from The Simpsons or funny.",Ben is loved by children.,Uncertain,"If a cartoon character is funny, then it is popular. If a cartoon character is ugly, then it is not popular. If a cartoon character is loved by children, then it is funny. If a cartoon character is from The Boroogove, then it is loved by children. If a cartoon character is yellow, then it is from The Boroogove. Rath is either from The Boroogove or funny.",Rath is loved by children.,"If a cartoon character is funny, then it is popular. If a cartoon character is ugly, then it is not popular. If a cartoon character is loved by children, then it is funny. If a cartoon character is from The Proton, then it is loved by children. If a cartoon character is yellow, then it is from The Proton. Photon is either from The Proton or funny.",Photon is loved by children.,Uncertain,True,True,Uncertain
141,"If a cartoon character is funny, then it is popular. If a cartoon character is ugly, then it is not popular. If a cartoon character is loved by children, then it is funny. If a cartoon character is from The Simpsons, then it is loved by children. If a cartoon character is yellow, then it is from The Simpsons. Ben is either from The Simpsons or funny.",Ben is ugly or yellow.,False,"If a cartoon character is funny, then it is popular. If a cartoon character is ugly, then it is not popular. If a cartoon character is loved by children, then it is funny. If a cartoon character is from The Rath, then it is loved by children. If a cartoon character is yellow, then it is from The Rath. Gyre is either from The Rath or funny.",Gyre is ugly or yellow.,"If a cartoon character is funny, then it is popular. If a cartoon character is ugly, then it is not popular. If a cartoon character is loved by children, then it is funny. If a cartoon character is from The Ribosome, then it is loved by children. If a cartoon character is yellow, then it is from The Ribosome. Photon is either from The Ribosome or funny.",Photon is ugly or yellow.,Uncertain,Uncertain,Uncertain,Uncertain
142,"If a cartoon character is funny, then it is popular. If a cartoon character is ugly, then it is not popular. If a cartoon character is loved by children, then it is funny. If a cartoon character is from The Simpsons, then it is loved by children. If a cartoon character is yellow, then it is from The Simpsons. Ben is either from The Simpsons or funny.",Ben is either yellow and ugly or neither yellow nor ugly.,True,"If a cartoon character is funny, then it is popular. If a cartoon character is ugly, then it is not popular. If a cartoon character is loved by children, then it is funny. If a cartoon character is from The Gyre, then it is loved by children. If a cartoon character is yellow, then it is from The Gyre. Vorpal is either from The Gyre or funny.",Vorpal is either yellow and ugly or neither yellow nor ugly.,"If a cartoon character is funny, then it is popular. If a cartoon character is ugly, then it is not popular. If a cartoon character is loved by children, then it is funny. If a cartoon character is from The Photon, then it is loved by children. If a cartoon character is yellow, then it is from The Photon. Mitochondria is either from The Photon or funny.",Mitochondria is either yellow and ugly or neither yellow nor ugly.,True,True,True,True
143,Breeding back is a form of artificial selection by the deliberate selective breeding of domestic animals. Heck cattle were bred-back in the 1920s to resemble the aurochs. [BG] Heck cattle are animals. [BG] Aurochs are animals. Some animals to be bred-back resemble animals that are extinct.,Some Heck cattle are artificially selected.,True,Breeding back is a form of artificial selection by the deliberate selective breeding of domestic animals. Heck cattle were bred-back in the 1920s to resemble the aurochs. [BG] Heck cattle are animals. [BG] Aurochs are animals. Some animals to be bred-back resemble animals that are extinct.,Some Heck cattle are artificially selected.,Breeding back is a form of artificial selection by the deliberate selective breeding of domestic animals. Heck cattle were bred-back in the 1920s to resemble the aurochs. [BG] Heck cattle are animals. [BG] Aurochs are animals. Some animals to be bred-back resemble animals that are extinct.,Some Heck cattle are artificially selected.,True,True,True,True
144,Breeding back is a form of artificial selection by the deliberate selective breeding of domestic animals. Heck cattle were bred-back in the 1920s to resemble the aurochs. [BG] Heck cattle are animals. [BG] Aurochs are animals. Some animals to be bred-back resemble animals that are extinct.,Aurochs are extinct.,Uncertain,Breeding back is a form of artificial selection by the deliberate selective breeding of domestic animals. Heck cattle were bred-back in the 1920s to resemble the aurochs. [BG] Heck cattle are animals. [BG] Aurochs are animals. Some animals to be bred-back resemble animals that are extinct.,Aurochs are extinct.,Breeding back is a form of artificial selection by the deliberate selective breeding of domestic animals. Heck cattle were bred-back in the 1920s to resemble the aurochs. [BG] Heck cattle are animals. [BG] Aurochs are animals. Some animals to be bred-back resemble animals that are extinct.,Aurochs are extinct.,Uncertain,Uncertain,Uncertain,True
145,"All students are humans.  If someone studies, then they are a student. A person either studys or teaches. No young person teaches. Jerry neither teaches nor is a manager. Rose is young or a student.",Jerry is young.,Uncertain,"All students are humans.  If someone studies, then they are a student. A person either studys or teaches. No young person teaches. Tweequ neither teaches nor is a manager. Rose is young or a student.",Tweequ is young.,"All students are humans.  If someone studies, then they are a student. A person either studys or teaches. No young person teaches. Galaxy neither teaches nor is a manager. Rose is young or a student.",Galaxy is young.,Uncertain,Uncertain,Uncertain,True
146,"All students are humans.  If someone studies, then they are a student. A person either studys or teaches. No young person teaches. Jerry neither teaches nor is a manager. Rose is young or a student.",Jerry is not young.,Uncertain,"All students are humans.  If someone studies, then they are a student. A person either studys or teaches. No young person teaches. Jabberwock neither teaches nor is a manager. Rose is young or a student.",Jabberwock is not young.,"All students are humans.  If someone studies, then they are a student. A person either studys or teaches. No young person teaches. Galaxy neither teaches nor is a manager. Rose is young or a student.",Galaxy is not young.,True,True,True,True
147,"All students are humans.  If someone studies, then they are a student. A person either studys or teaches. No young person teaches. Jerry neither teaches nor is a manager. Rose is young or a student.",Rose is a human or a manager.,True,"All students are humans.  If someone studies, then they are a student. A person either studys or teaches. No young person teaches. Mome neither teaches nor is a manager. Rose is young or a student.",Rose is a human or a manager.,"All students are humans.  If someone studies, then they are a student. A person either studys or teaches. No young person teaches. Galaxy neither teaches nor is a manager. Rose is young or a student.",Rose is a human or a manager.,True,Uncertain,True,True
148,"All students are humans.  If someone studies, then they are a student. A person either studys or teaches. No young person teaches. Jerry neither teaches nor is a manager. Rose is young or a student.",Rose is a human or Jerry is a manager.,True,"All students are humans.  If someone studies, then they are a student. A person either studys or teaches. No young person teaches. Bandersnatch neither teaches nor is a manager. Rose is young or a student.",Rose is a human or Bandersnatch is a manager.,"All students are humans.  If someone studies, then they are a student. A person either studys or teaches. No young person teaches. Mitochondria neither teaches nor is a manager. Rose is young or a student.",Rose is a human or Mitochondria is a manager.,Uncertain,True,True,Uncertain
149,"All students are humans.  If someone studies, then they are a student. A person either studys or teaches. No young person teaches. Jerry neither teaches nor is a manager. Rose is young or a student.",It is not true that Rose is a student and Jerry is a human.,False,"All students are humans.  If someone studies, then they are a student. A person either studys or teaches. No young person teaches. Mome neither teaches nor is a manager. Boroogove is young or a student.",It is not true that Boroogove is a student and Mome is a human.,"All students are humans.  If someone studies, then they are a student. A person either studys or teaches. No young person teaches. Electron neither teaches nor is a manager. Neutron is young or a student.",It is not true that Neutron is a student and Electron is a human.,False,True,True,Uncertain
150,New Vessel Press is a publishing house which specializes in translating foreign literature into English. All of New Vessel Press's published books are in English. Neapolitan Chronicles is a book published by New Vessel Press. Neapolitan Chronicles was translated from Italian. Palace of Flies is a book published by New Vessel Press.,Neapolitan Chronicles is an English book.,True,Tweequ is a publishing house which specializes in translating foreign literature into English. All of Bandersnatch published books are in English. Tumtum is a book published by Tweequ. Tumtum was translated from Italian. Boroogove is a book published by Tweequ.,Tumtum is an English book.,Mitochondria is a publishing house which specializes in translating foreign literature into English. All of Neutron published books are in English. Enzyme is a book published by Mitochondria. Enzyme was translated from Italian. Nebula is a book published by Mitochondria.,Enzyme is an English book.,True,True,True,True
151,New Vessel Press is a publishing house which specializes in translating foreign literature into English. All of New Vessel Press's published books are in English. Neapolitan Chronicles is a book published by New Vessel Press. Neapolitan Chronicles was translated from Italian. Palace of Flies is a book published by New Vessel Press.,Harry Potter was published by New Vessel Press.,Uncertain,Jubjub is a publishing house which specializes in translating foreign literature into English. All of Tweequ published books are in English. Gyre is a book published by Jubjub. Gyre was translated from Italian. Vorpal is a book published by Jubjub.,Bandersnatch was published by Jubjub.,Neutron is a publishing house which specializes in translating foreign literature into English. All of Chromosome published books are in English. Nebula is a book published by Neutron. Nebula was translated from Italian. Enzyme is a book published by Neutron.,Quark was published by Neutron.,Uncertain,Uncertain,Uncertain,Uncertain
152,New Vessel Press is a publishing house which specializes in translating foreign literature into English. All of New Vessel Press's published books are in English. Neapolitan Chronicles is a book published by New Vessel Press. Neapolitan Chronicles was translated from Italian. Palace of Flies is a book published by New Vessel Press.,Palace of Flies was translated from Italian.,Uncertain,Mome is a publishing house which specializes in translating foreign literature into English. All of Snark published books are in English. Boroogove is a book published by Mome. Boroogove was translated from Italian. Tweequ is a book published by Mome.,Tweequ was translated from Italian.,Electron is a publishing house which specializes in translating foreign literature into English. All of Chromosome published books are in English. Galaxy is a book published by Electron. Galaxy was translated from Italian. Quark is a book published by Electron.,Quark was translated from Italian.,True,True,True,True
153,"If people own a large desktop monitor at their home, then they work regularly and often at home. All people who have a fully stocked and impressive home office are people who own a large desktop monitor at their home. All people who work regularly and often at home spend their free time tidying and organizing the spaces in their homes. All people who work regularly and often at home visit the office supply store regularly. If people spend their free time tidying and organizing the spaces in their home, then they do not go to bed late and wake up every day after noon.  Remy either both goes to bed late and wakes up every day after noon and spends their free time tidying and organizing the spaces in their home, or they do not go to bed late and wake up every day after noon nor spend their free time tidying and organizing the spaces in their home. ",Remy visits the office supply store regularly.,Uncertain,"If people own a large desktop monitor at their home, then they work regularly and often at home. All people who have a fully stocked and impressive home office are people who own a large desktop monitor at their home. All people who work regularly and often at home spend their free time tidying and organizing the spaces in their homes. All people who work regularly and often at home visit the office supply store regularly. If people spend their free time tidying and organizing the spaces in their home, then they do not go to bed late and wake up every day after noon.  Remy either both goes to bed late and wakes up every day after noon and spends their free time tidying and organizing the spaces in their home, or they do not go to bed late and wake up every day after noon nor spend their free time tidying and organizing the spaces in their home. ",Remy visits the office supply store regularly.,"If people own a large desktop monitor at their home, then they work regularly and often at home. All people who have a fully stocked and impressive home office are people who own a large desktop monitor at their home. All people who work regularly and often at home spend their free time tidying and organizing the spaces in their homes. All people who work regularly and often at home visit the office supply store regularly. If people spend their free time tidying and organizing the spaces in their home, then they do not go to bed late and wake up every day after noon.  Remy either both goes to bed late and wakes up every day after noon and spends their free time tidying and organizing the spaces in their home, or they do not go to bed late and wake up every day after noon nor spend their free time tidying and organizing the spaces in their home. ",Remy visits the office supply store regularly.,Uncertain,Uncertain,Uncertain,Uncertain
154,"If people own a large desktop monitor at their home, then they work regularly and often at home. All people who have a fully stocked and impressive home office are people who own a large desktop monitor at their home. All people who work regularly and often at home spend their free time tidying and organizing the spaces in their homes. All people who work regularly and often at home visit the office supply store regularly. If people spend their free time tidying and organizing the spaces in their home, then they do not go to bed late and wake up every day after noon.  Remy either both goes to bed late and wakes up every day after noon and spends their free time tidying and organizing the spaces in their home, or they do not go to bed late and wake up every day after noon nor spend their free time tidying and organizing the spaces in their home. ",Remy has a fully stocked and impressive home office and also visits the office supply store regularly.,False,"If people own a large desktop monitor at their home, then they work regularly and often at home. All people who have a fully stocked and impressive home office are people who own a large desktop monitor at their home. All people who work regularly and often at home spend their free time tidying and organizing the spaces in their homes. All people who work regularly and often at home visit the office supply store regularly. If people spend their free time tidying and organizing the spaces in their home, then they do not go to bed late and wake up every day after noon.  Remy either both goes to bed late and wakes up every day after noon and spends their free time tidying and organizing the spaces in their home, or they do not go to bed late and wake up every day after noon nor spend their free time tidying and organizing the spaces in their home. ",Remy has a fully stocked and impressive home office and also visits the office supply store regularly.,"If people own a large desktop monitor at their home, then they work regularly and often at home. All people who have a fully stocked and impressive home office are people who own a large desktop monitor at their home. All people who work regularly and often at home spend their free time tidying and organizing the spaces in their homes. All people who work regularly and often at home visit the office supply store regularly. If people spend their free time tidying and organizing the spaces in their home, then they do not go to bed late and wake up every day after noon.  Remy either both goes to bed late and wakes up every day after noon and spends their free time tidying and organizing the spaces in their home, or they do not go to bed late and wake up every day after noon nor spend their free time tidying and organizing the spaces in their home. ",Remy has a fully stocked and impressive home office and also visits the office supply store regularly.,Uncertain,Uncertain,Uncertain,Uncertain
155,"If people own a large desktop monitor at their home, then they work regularly and often at home. All people who have a fully stocked and impressive home office are people who own a large desktop monitor at their home. All people who work regularly and often at home spend their free time tidying and organizing the spaces in their homes. All people who work regularly and often at home visit the office supply store regularly. If people spend their free time tidying and organizing the spaces in their home, then they do not go to bed late and wake up every day after noon.  Remy either both goes to bed late and wakes up every day after noon and spends their free time tidying and organizing the spaces in their home, or they do not go to bed late and wake up every day after noon nor spend their free time tidying and organizing the spaces in their home. ","If Remy either goes to bed late and wakes up every day after noon or visits the office supply store regularly, then Remy neither spends their free time tidying and organizing the spaces in their home nor has a fully stocked and impressive home office.",True,"If people own a large desktop monitor at their home, then they work regularly and often at home. All people who have a fully stocked and impressive home office are people who own a large desktop monitor at their home. All people who work regularly and often at home spend their free time tidying and organizing the spaces in their homes. All people who work regularly and often at home visit the office supply store regularly. If people spend their free time tidying and organizing the spaces in their home, then they do not go to bed late and wake up every day after noon.  Vorpal either both goes to bed late and wakes up every day after noon and spends their free time tidying and organizing the spaces in their home, or they do not go to bed late and wake up every day after noon nor spend their free time tidying and organizing the spaces in their home. ","If Vorpal either goes to bed late and wakes up every day after noon or visits the office supply store regularly, then Vorpal neither spends their free time tidying and organizing the spaces in their home nor has a fully stocked and impressive home office.","If people own a large desktop monitor at their home, then they work regularly and often at home. All people who have a fully stocked and impressive home office are people who own a large desktop monitor at their home. All people who work regularly and often at home spend their free time tidying and organizing the spaces in their homes. All people who work regularly and often at home visit the office supply store regularly. If people spend their free time tidying and organizing the spaces in their home, then they do not go to bed late and wake up every day after noon.  Mitochondria either both goes to bed late and wakes up every day after noon and spends their free time tidying and organizing the spaces in their home, or they do not go to bed late and wake up every day after noon nor spend their free time tidying and organizing the spaces in their home. ","If Mitochondria either goes to bed late and wakes up every day after noon or visits the office supply store regularly, then Mitochondria neither spends their free time tidying and organizing the spaces in their home nor has a fully stocked and impressive home office.",Uncertain,Uncertain,Uncertain,Uncertain
156,All humans are mortal. All Greeks are humans.,Some Greeks are mortal.,Uncertain,All humans are mortal. All Greeks are humans.,Some Greeks are mortal.,All humans are mortal. All Greeks are humans.,Some Greeks are mortal.,True,True,True,True
157,No students who work in the library are from the computer science department.  All students who have part-time jobs offered by the university are students who work in the library.  All students who take the database course are from the computer science department.  All students instructed by professor David are taking the database course.  All students working in the lab are instructed by professor David.  James is a student working in the lab.  Jack neither has a part-time job offered by the university nor works in the lab. ,James has a part-time job offered by the university.,False,No students who work in the library are from the computer science department.  All students who have part-time jobs offered by the university are students who work in the library.  All students who take the database course are from the computer science department.  All students instructed by professor Jabberwock are taking the database course.  All students working in the lab are instructed by professor Jabberwock.  Snark is a student working in the lab.  Tweequ neither has a part-time job offered by the university nor works in the lab. ,Snark has a part-time job offered by the university.,No students who work in the library are from the computer science department.  All students who have part-time jobs offered by the university are students who work in the library.  All students who take the database course are from the computer science department.  All students instructed by professor Galaxy are taking the database course.  All students working in the lab are instructed by professor Galaxy.  Proton is a student working in the lab.  Enzyme neither has a part-time job offered by the university nor works in the lab. ,Proton has a part-time job offered by the university.,Uncertain,Uncertain,Uncertain,Uncertain
158,No students who work in the library are from the computer science department.  All students who have part-time jobs offered by the university are students who work in the library.  All students who take the database course are from the computer science department.  All students instructed by professor David are taking the database course.  All students working in the lab are instructed by professor David.  James is a student working in the lab.  Jack neither has a part-time job offered by the university nor works in the lab. ,James does not have a part-time job offered by the university.,True,No students who work in the library are from the computer science department.  All students who have part-time jobs offered by the university are students who work in the library.  All students who take the database course are from the computer science department.  All students instructed by professor Gyre are taking the database course.  All students working in the lab are instructed by professor Gyre.  Snark is a student working in the lab.  Vorpal neither has a part-time job offered by the university nor works in the lab. ,Snark does not have a part-time job offered by the university.,No students who work in the library are from the computer science department.  All students who have part-time jobs offered by the university are students who work in the library.  All students who take the database course are from the computer science department.  All students instructed by professor Quark are taking the database course.  All students working in the lab are instructed by professor Quark.  Nebula is a student working in the lab.  Ribosome neither has a part-time job offered by the university nor works in the lab. ,Nebula does not have a part-time job offered by the university.,True,True,True,True
159,No students who work in the library are from the computer science department.  All students who have part-time jobs offered by the university are students who work in the library.  All students who take the database course are from the computer science department.  All students instructed by professor David are taking the database course.  All students working in the lab are instructed by professor David.  James is a student working in the lab.  Jack neither has a part-time job offered by the university nor works in the lab. ,James either takes the database course or has a part-time job offered by the university.,True,No students who work in the library are from the computer science department.  All students who have part-time jobs offered by the university are students who work in the library.  All students who take the database course are from the computer science department.  All students instructed by professor Mome are taking the database course.  All students working in the lab are instructed by professor Mome.  Jubjub is a student working in the lab.  Tweequ neither has a part-time job offered by the university nor works in the lab. ,Jubjub either takes the database course or has a part-time job offered by the university.,No students who work in the library are from the computer science department.  All students who have part-time jobs offered by the university are students who work in the library.  All students who take the database course are from the computer science department.  All students instructed by professor Neutron are taking the database course.  All students working in the lab are instructed by professor Neutron.  Mitochondria is a student working in the lab.  Enzyme neither has a part-time job offered by the university nor works in the lab. ,Mitochondria either takes the database course or has a part-time job offered by the university.,True,True,Uncertain,Uncertain
160,No students who work in the library are from the computer science department.  All students who have part-time jobs offered by the university are students who work in the library.  All students who take the database course are from the computer science department.  All students instructed by professor David are taking the database course.  All students working in the lab are instructed by professor David.  James is a student working in the lab.  Jack neither has a part-time job offered by the university nor works in the lab. ,Jack takes the database course.,Uncertain,No students who work in the library are from the computer science department.  All students who have part-time jobs offered by the university are students who work in the library.  All students who take the database course are from the computer science department.  All students instructed by professor Vorpal are taking the database course.  All students working in the lab are instructed by professor Vorpal.  Tumtum is a student working in the lab.  Jubjub neither has a part-time job offered by the university nor works in the lab. ,Jubjub takes the database course.,No students who work in the library are from the computer science department.  All students who have part-time jobs offered by the university are students who work in the library.  All students who take the database course are from the computer science department.  All students instructed by professor Electron are taking the database course.  All students working in the lab are instructed by professor Electron.  Enzyme is a student working in the lab.  Galaxy neither has a part-time job offered by the university nor works in the lab. ,Galaxy takes the database course.,Uncertain,Uncertain,Uncertain,Uncertain
161,"If George likes music, he wants to compose. If George has access to a program, he can compose. If George can compose and wants to compose, he will compose.","If George likes music and has access to a program, he will compose.",True,"If Gyre likes music, he wants to compose. If Gyre has access to a program, he can compose. If Gyre can compose and wants to compose, he will compose.","If Gyre likes music and has access to a program, he will compose.","If Photon likes music, he wants to compose. If Photon has access to a program, he can compose. If Photon can compose and wants to compose, he will compose.","If Photon likes music and has access to a program, he will compose.",True,True,True,True
162,"If George likes music, he wants to compose. If George has access to a program, he can compose. If George can compose and wants to compose, he will compose.","If George will not compose, George can not compose.",Uncertain,"If Mome likes music, he wants to compose. If Mome has access to a program, he can compose. If Mome can compose and wants to compose, he will compose.","If Mome will not compose, Mome can not compose.","If Photon likes music, he wants to compose. If Photon has access to a program, he can compose. If Photon can compose and wants to compose, he will compose.","If Photon will not compose, Photon can not compose.",False,False,Uncertain,Uncertain
163,A hawk never lands.  Some birds are hawks.,All birds land,False,A hawk never lands.  Some birds are hawks.,All birds land,A hawk never lands.  Some birds are hawks.,All birds land,False,False,False,False
164,"On some Mondays at 8 pm, roses are given out on TV. Every rose given out on TV is on the Bachelor. Everything on the Bachelor portrays the lives of real people. All shows portraying the lives of real people are reality TV shows. Breaking Bad is not a reality TV show.",Breaking Bad is on Monday at 8 pm.,Uncertain,"On some Mondays at 8 pm, roses are given out on TV. Every rose given out on TV is on the Jabberwock. Everything on the Jabberwock portrays the lives of real people. All shows portraying the lives of real people are reality TV shows. Gyre is not a reality TV show.",Gyre is on Monday at 8 pm.,"On some Mondays at 8 pm, roses are given out on TV. Every rose given out on TV is on the Neutron. Everything on the Neutron portrays the lives of real people. All shows portraying the lives of real people are reality TV shows. Enzyme is not a reality TV show.",Enzyme is on Monday at 8 pm.,Uncertain,Uncertain,Uncertain,Uncertain
165,"On some Mondays at 8 pm, roses are given out on TV. Every rose given out on TV is on the Bachelor. Everything on the Bachelor portrays the lives of real people. All shows portraying the lives of real people are reality TV shows. Breaking Bad is not a reality TV show.",Breaking Bad is a TV show in which roses are given out on Monday at 8 pm.,False,"On some Mondays at 8 pm, roses are given out on TV. Every rose given out on TV is on the Mome. Everything on the Mome portrays the lives of real people. All shows portraying the lives of real people are reality TV shows. Gyre is not a reality TV show.",Gyre is a TV show in which roses are given out on Monday at 8 pm.,"On some Mondays at 8 pm, roses are given out on TV. Every rose given out on TV is on the Photon. Everything on the Photon portrays the lives of real people. All shows portraying the lives of real people are reality TV shows. Ribosome is not a reality TV show.",Ribosome is a TV show in which roses are given out on Monday at 8 pm.,False,False,False,True
166,"On some Mondays at 8 pm, roses are given out on TV. Every rose given out on TV is on the Bachelor. Everything on the Bachelor portrays the lives of real people. All shows portraying the lives of real people are reality TV shows. Breaking Bad is not a reality TV show.","If roses are given out during Breaking Bad, then it is on Monday at 8 pm.",True,"On some Mondays at 8 pm, roses are given out on TV. Every rose given out on TV is on the Bandersnatch. Everything on the Bandersnatch portrays the lives of real people. All shows portraying the lives of real people are reality TV shows. Boroogove is not a reality TV show.","If roses are given out during Boroogove, then it is on Monday at 8 pm.","On some Mondays at 8 pm, roses are given out on TV. Every rose given out on TV is on the Photon. Everything on the Photon portrays the lives of real people. All shows portraying the lives of real people are reality TV shows. Neutron is not a reality TV show.","If roses are given out during Neutron, then it is on Monday at 8 pm.",Uncertain,Uncertain,Uncertain,Uncertain
167,Heinrich Scmidt was a Nazi German politician.  Heeinrich Scmidt was also a member of the Prussian State Parliament and the Nazi Reichstag.,Heinrich Schmidt was either German or Russian.,True,Heinrich Mome was a Nazi German politician.  Boroogove was also a member of Vorpal and the Nazi Reichstag.,Heinrich Bandersnatch was either German or Russian.,Heinrich Proton was a Nazi German politician.  Enzyme was also a member of Ribosome and the Nazi Reichstag.,Heinrich Electron was either German or Russian.,Uncertain,Uncertain,Uncertain,Uncertain
168,Heinrich Scmidt was a Nazi German politician.  Heeinrich Scmidt was also a member of the Prussian State Parliament and the Nazi Reichstag.,Some Nazi German politician was part of both the Prussian State Parliament and the Nazi Reichstag.,True,Heinrich Rath was a Nazi German politician.  Vorpal was also a member of Gyre and the Nazi Reichstag.,Some Nazi German politician was part of both Gyre and the Nazi Reichstag.,Heinrich Galaxy was a Nazi German politician.  Nebula was also a member of Mitochondria and the Nazi Reichstag.,Some Nazi German politician was part of both Mitochondria and the Nazi Reichstag.,True,True,True,True
169,Heinrich Scmidt was a Nazi German politician.  Heeinrich Scmidt was also a member of the Prussian State Parliament and the Nazi Reichstag.,No politicans are part of the Nazi Reichstag.,False,Heinrich Snark was a Nazi German politician.  Boroogove was also a member of Tweequ and the Nazi Reichstag.,No politicans are part of the Nazi Reichstag.,Heinrich Quark was a Nazi German politician.  Electron was also a member of Photon and the Nazi Reichstag.,No politicans are part of the Nazi Reichstag.,False,False,False,False
170,"If something is a deadly disease, then its survival rate is low.  All severe cancers are deadly diseases. Bile duct cancer is a severe cancer.  All Cholangiocarcinoma is bile duct cancer. No one with mild flu has a low survival rate. If colorectal cancer is a bile duct cancer and the survival rate is low, then colorectal cancer is not a bile duct cancer.",Colorectal cancer is a severe cancer,Uncertain,"If something is a deadly disease, then its survival rate is low.  All severe cancers are deadly diseases. Bile duct cancer is a severe cancer.  All Jubjub is bile duct cancer. No one with mild flu has a low survival rate. If colorectal cancer is a bile duct cancer and the survival rate is low, then colorectal cancer is not a bile duct cancer.",Colorectal cancer is a severe cancer,"If something is a deadly disease, then its survival rate is low.  All severe cancers are deadly diseases. Bile duct cancer is a severe cancer.  All Neutron is bile duct cancer. No one with mild flu has a low survival rate. If colorectal cancer is a bile duct cancer and the survival rate is low, then colorectal cancer is not a bile duct cancer.",Colorectal cancer is a severe cancer,True,True,True,Uncertain
171,"If something is a deadly disease, then its survival rate is low.  All severe cancers are deadly diseases. Bile duct cancer is a severe cancer.  All Cholangiocarcinoma is bile duct cancer. No one with mild flu has a low survival rate. If colorectal cancer is a bile duct cancer and the survival rate is low, then colorectal cancer is not a bile duct cancer.","If colorectal cancer is a bile duct cancer or a Cholangiocarcinoma, then colorectal cancer is a bile duct cancer and a mild flu.",True,"If something is a deadly disease, then its survival rate is low.  All severe cancers are deadly diseases. Bile duct cancer is a severe cancer.  All Rath is bile duct cancer. No one with mild flu has a low survival rate. If colorectal cancer is a bile duct cancer and the survival rate is low, then colorectal cancer is not a bile duct cancer.","If colorectal cancer is a bile duct cancer or a Rath, then colorectal cancer is a bile duct cancer and a mild flu.","If something is a deadly disease, then its survival rate is low.  All severe cancers are deadly diseases. Bile duct cancer is a severe cancer.  All Quark is bile duct cancer. No one with mild flu has a low survival rate. If colorectal cancer is a bile duct cancer and the survival rate is low, then colorectal cancer is not a bile duct cancer.","If colorectal cancer is a bile duct cancer or a Quark, then colorectal cancer is a bile duct cancer and a mild flu.",Uncertain,Uncertain,Uncertain,Uncertain
172,"If something is a deadly disease, then its survival rate is low.  All severe cancers are deadly diseases. Bile duct cancer is a severe cancer.  All Cholangiocarcinoma is bile duct cancer. No one with mild flu has a low survival rate. If colorectal cancer is a bile duct cancer and the survival rate is low, then colorectal cancer is not a bile duct cancer.","If colorectal cancer is not a mild flu and a Cholangiocarcinoma, then colorectal cancer is a bile duct cancer or a Cholangiocarcinoma.",False,"If something is a deadly disease, then its survival rate is low.  All severe cancers are deadly diseases. Bile duct cancer is a severe cancer.  All Jubjub is bile duct cancer. No one with mild flu has a low survival rate. If colorectal cancer is a bile duct cancer and the survival rate is low, then colorectal cancer is not a bile duct cancer.","If colorectal cancer is not a mild flu and a Jubjub, then colorectal cancer is a bile duct cancer or a Jubjub.","If something is a deadly disease, then its survival rate is low.  All severe cancers are deadly diseases. Bile duct cancer is a severe cancer.  All Neutron is bile duct cancer. No one with mild flu has a low survival rate. If colorectal cancer is a bile duct cancer and the survival rate is low, then colorectal cancer is not a bile duct cancer.","If colorectal cancer is not a mild flu and a Neutron, then colorectal cancer is a bile duct cancer or a Neutron.",Uncertain,Uncertain,Uncertain,True
173,"All people who eat salads regularly are very conscious about their health and eating habits. All people who grew up in health-conscious childhood homes eat salads regularly. All people who fulfill their nutritional daily intakes grew up in health-conscious childhood homes. If people have good relationships with their parents, then they fulfill their nutritional daily intakes. If people have good relationships with their parents, then they do not eat salads regularly. If people visit the gym at least once a day, then they always fulfill their daily nutritional intakes. It is either both true that Taylor grew up in a health-conscious childhood home and she has a good relationship with her parents, or it is true that Taylor neither grew up in a health-conscious childhood home nor has a good relationship with her parents.",Taylor eats salads regularly.,Uncertain,"All people who eat salads regularly are very conscious about their health and eating habits. All people who grew up in health-conscious childhood homes eat salads regularly. All people who fulfill their nutritional daily intakes grew up in health-conscious childhood homes. If people have good relationships with their parents, then they fulfill their nutritional daily intakes. If people have good relationships with their parents, then they do not eat salads regularly. If people visit the gym at least once a day, then they always fulfill their daily nutritional intakes. It is either both true that Vorpal grew up in a health-conscious childhood home and she has a good relationship with her parents, or it is true that Vorpal neither grew up in a health-conscious childhood home nor has a good relationship with her parents.",Vorpal eats salads regularly.,"All people who eat salads regularly are very conscious about their health and eating habits. All people who grew up in health-conscious childhood homes eat salads regularly. All people who fulfill their nutritional daily intakes grew up in health-conscious childhood homes. If people have good relationships with their parents, then they fulfill their nutritional daily intakes. If people have good relationships with their parents, then they do not eat salads regularly. If people visit the gym at least once a day, then they always fulfill their daily nutritional intakes. It is either both true that Proton grew up in a health-conscious childhood home and she has a good relationship with her parents, or it is true that Proton neither grew up in a health-conscious childhood home nor has a good relationship with her parents.",Proton eats salads regularly.,Uncertain,Uncertain,Uncertain,Uncertain
174,"All people who eat salads regularly are very conscious about their health and eating habits. All people who grew up in health-conscious childhood homes eat salads regularly. All people who fulfill their nutritional daily intakes grew up in health-conscious childhood homes. If people have good relationships with their parents, then they fulfill their nutritional daily intakes. If people have good relationships with their parents, then they do not eat salads regularly. If people visit the gym at least once a day, then they always fulfill their daily nutritional intakes. It is either both true that Taylor grew up in a health-conscious childhood home and she has a good relationship with her parents, or it is true that Taylor neither grew up in a health-conscious childhood home nor has a good relationship with her parents.",Taylor visits the gym at least once a day.,False,"All people who eat salads regularly are very conscious about their health and eating habits. All people who grew up in health-conscious childhood homes eat salads regularly. All people who fulfill their nutritional daily intakes grew up in health-conscious childhood homes. If people have good relationships with their parents, then they fulfill their nutritional daily intakes. If people have good relationships with their parents, then they do not eat salads regularly. If people visit the gym at least once a day, then they always fulfill their daily nutritional intakes. It is either both true that Tweequ grew up in a health-conscious childhood home and she has a good relationship with her parents, or it is true that Tweequ neither grew up in a health-conscious childhood home nor has a good relationship with her parents.",Tweequ visits the gym at least once a day.,"All people who eat salads regularly are very conscious about their health and eating habits. All people who grew up in health-conscious childhood homes eat salads regularly. All people who fulfill their nutritional daily intakes grew up in health-conscious childhood homes. If people have good relationships with their parents, then they fulfill their nutritional daily intakes. If people have good relationships with their parents, then they do not eat salads regularly. If people visit the gym at least once a day, then they always fulfill their daily nutritional intakes. It is either both true that Photon grew up in a health-conscious childhood home and she has a good relationship with her parents, or it is true that Photon neither grew up in a health-conscious childhood home nor has a good relationship with her parents.",Photon visits the gym at least once a day.,Uncertain,Uncertain,Uncertain,Uncertain
175,"All people who eat salads regularly are very conscious about their health and eating habits. All people who grew up in health-conscious childhood homes eat salads regularly. All people who fulfill their nutritional daily intakes grew up in health-conscious childhood homes. If people have good relationships with their parents, then they fulfill their nutritional daily intakes. If people have good relationships with their parents, then they do not eat salads regularly. If people visit the gym at least once a day, then they always fulfill their daily nutritional intakes. It is either both true that Taylor grew up in a health-conscious childhood home and she has a good relationship with her parents, or it is true that Taylor neither grew up in a health-conscious childhood home nor has a good relationship with her parents.",Taylor neither grew up in a health-conscious childhood home nor does she visit the gym at least once a day.,True,"All people who eat salads regularly are very conscious about their health and eating habits. All people who grew up in health-conscious childhood homes eat salads regularly. All people who fulfill their nutritional daily intakes grew up in health-conscious childhood homes. If people have good relationships with their parents, then they fulfill their nutritional daily intakes. If people have good relationships with their parents, then they do not eat salads regularly. If people visit the gym at least once a day, then they always fulfill their daily nutritional intakes. It is either both true that Bandersnatch grew up in a health-conscious childhood home and she has a good relationship with her parents, or it is true that Bandersnatch neither grew up in a health-conscious childhood home nor has a good relationship with her parents.",Bandersnatch neither grew up in a health-conscious childhood home nor does she visit the gym at least once a day.,"All people who eat salads regularly are very conscious about their health and eating habits. All people who grew up in health-conscious childhood homes eat salads regularly. All people who fulfill their nutritional daily intakes grew up in health-conscious childhood homes. If people have good relationships with their parents, then they fulfill their nutritional daily intakes. If people have good relationships with their parents, then they do not eat salads regularly. If people visit the gym at least once a day, then they always fulfill their daily nutritional intakes. It is either both true that Proton grew up in a health-conscious childhood home and she has a good relationship with her parents, or it is true that Proton neither grew up in a health-conscious childhood home nor has a good relationship with her parents.",Proton neither grew up in a health-conscious childhood home nor does she visit the gym at least once a day.,Uncertain,Uncertain,Uncertain,Uncertain
176,[BG] The Olympic games is a sporting event.  The last Olympic games was in Tokyo. The United States won the most medals in Tokyo. ,The world championships is a sporting event.,Uncertain,[BG] The Olympic games is a sporting event.  The last Olympic games was in Mome. Tweequ won the most medals in Mome. ,The world championships is a sporting event.,[BG] The Olympic games is a sporting event.  The last Olympic games was in Enzyme. Quark won the most medals in Enzyme. ,The world championships is a sporting event.,Uncertain,Uncertain,Uncertain,True
177,[BG] The Olympic games is a sporting event.  The last Olympic games was in Tokyo. The United States won the most medals in Tokyo. ,The last Olympic games were not in Tokyo.,False,[BG] The Olympic games is a sporting event.  The last Olympic games was in Vorpal. Rath won the most medals in Vorpal. ,The last Olympic games were not in Vorpal.,[BG] The Olympic games is a sporting event.  The last Olympic games was in Ribosome. Neutron won the most medals in Ribosome. ,The last Olympic games were not in Ribosome.,False,False,False,True
178,[BG] The Olympic games is a sporting event.  The last Olympic games was in Tokyo. The United States won the most medals in Tokyo. ,The United States won the most medals in the last Olympic games.,True,[BG] The Olympic games is a sporting event.  The last Olympic games was in Vorpal. Mome won the most medals in Vorpal. ,Mome won the most medals in the last Olympic games.,[BG] The Olympic games is a sporting event.  The last Olympic games was in Quark. Electron won the most medals in Quark. ,Electron won the most medals in the last Olympic games.,True,True,True,True
179,All horses have hooves. No humans have hooves.,Some humans are horses.,False,All horses have hooves. No humans have hooves.,Some humans are horses.,All horses have hooves. No humans have hooves.,Some humans are horses.,False,False,False,False
180,Susan flies to LGA airport. The departure and arrival can not be the same airport. John flies from LGA airport.,Susan flies from LGA airport.,False,Rath flies to Bandersnatch. The departure and arrival can not be the same airport. Jabberwock flies from Bandersnatch.,Rath flies from Bandersnatch.,Enzyme flies to Mitochondria. The departure and arrival can not be the same airport. Ribosome flies from Mitochondria.,Enzyme flies from Mitochondria.,Uncertain,True,Uncertain,True
181,Susan flies to LGA airport. The departure and arrival can not be the same airport. John flies from LGA airport.,John flies to LGA airport.,False,Gyre flies to Rath. The departure and arrival can not be the same airport. Boroogove flies from Rath.,Boroogove flies to Rath.,Mitochondria flies to Quark. The departure and arrival can not be the same airport. Neutron flies from Quark.,Neutron flies to Quark.,False,True,True,True
182,"No one nice to animals is mean to animals. Some grumpy people are mean to animals. All animal lovers are nice to animals. If someone owns a pet, then they love animals. Tom is a pet owner.",Tom is a grumpy person.,Uncertain,"No one nice to animals is mean to animals. Some grumpy people are mean to animals. All animal lovers are nice to animals. If someone owns a pet, then they love animals. Jubjub is a pet owner.",Jubjub is a grumpy person.,"No one nice to animals is mean to animals. Some grumpy people are mean to animals. All animal lovers are nice to animals. If someone owns a pet, then they love animals. Neutron is a pet owner.",Neutron is a grumpy person.,False,False,False,False
183,"No one nice to animals is mean to animals. Some grumpy people are mean to animals. All animal lovers are nice to animals. If someone owns a pet, then they love animals. Tom is a pet owner.",Tom is not a grumpy person and mean to animals.,True,"No one nice to animals is mean to animals. Some grumpy people are mean to animals. All animal lovers are nice to animals. If someone owns a pet, then they love animals. Boroogove is a pet owner.",Boroogove is not a grumpy person and mean to animals.,"No one nice to animals is mean to animals. Some grumpy people are mean to animals. All animal lovers are nice to animals. If someone owns a pet, then they love animals. Enzyme is a pet owner.",Enzyme is not a grumpy person and mean to animals.,True,True,True,Uncertain
184,"No one nice to animals is mean to animals. Some grumpy people are mean to animals. All animal lovers are nice to animals. If someone owns a pet, then they love animals. Tom is a pet owner.","If Tom is not a grumpy person and mean to animals, then Tom is neither a grumpy person nor an Animal Lover.",False,"No one nice to animals is mean to animals. Some grumpy people are mean to animals. All animal lovers are nice to animals. If someone owns a pet, then they love animals. Vorpal is a pet owner.","If Vorpal is not a grumpy person and mean to animals, then Vorpal is neither a grumpy person nor an Tweequ.","No one nice to animals is mean to animals. Some grumpy people are mean to animals. All animal lovers are nice to animals. If someone owns a pet, then they love animals. Nebula is a pet owner.","If Nebula is not a grumpy person and mean to animals, then Nebula is neither a grumpy person nor an Quark.",True,True,True,Uncertain
185,"A podcast is not a novel. [BG] If a person is born in American City, the person is American. [BG] If a book is novel and it is written by a person, then the person is a novel writer. Dani Shapiro is an American writer. Family History is written by Dani Shapiro. Family History is a novel written in 2003. Dani Shapiro created a podcast called Family Secrets. [BG] Boston is an American city.",Dani Shapiro is a novel writer.,True,"A podcast is not a novel. [BG] If a person is born in Jubjub, the person is American. [BG] If a book is novel and it is written by a person, then the person is a novel writer. Mome is an American writer. Vorpal is written by Mome. Vorpal is a novel written in 2003. Mome created a podcast called Family Secrets. [Gyre is an American city.",Mome is a novel writer.,"A podcast is not a novel. [BG] If a person is born in Proton, the person is American. [BG] If a book is novel and it is written by a person, then the person is a novel writer. Enzyme is an American writer. Chromosome is written by Enzyme. Chromosome is a novel written in 2003. Enzyme created a podcast called Family Secrets. [Mitochondria is an American city.",Enzyme is a novel writer.,Uncertain,Uncertain,Uncertain,True
186,"A podcast is not a novel. [BG] If a person is born in American City, the person is American. [BG] If a book is novel and it is written by a person, then the person is a novel writer. Dani Shapiro is an American writer. Family History is written by Dani Shapiro. Family History is a novel written in 2003. Dani Shapiro created a podcast called Family Secrets. [BG] Boston is an American city.",Family Secrets is a novel.,False,"A podcast is not a novel. [BG] If a person is born in Boroogove, the person is American. [BG] If a book is novel and it is written by a person, then the person is a novel writer. Tumtum is an American writer. Gyre is written by Tumtum. Gyre is a novel written in 2003. Tumtum created a podcast called Family Secrets. [Snark is an American city.",Family Secrets is a novel.,"A podcast is not a novel. [BG] If a person is born in Electron, the person is American. [BG] If a book is novel and it is written by a person, then the person is a novel writer. Chromosome is an American writer. Mitochondria is written by Chromosome. Mitochondria is a novel written in 2003. Chromosome created a podcast called Family Secrets. [Proton is an American city.",Family Secrets is a novel.,Uncertain,Uncertain,Uncertain,Uncertain
187,"A podcast is not a novel. [BG] If a person is born in American City, the person is American. [BG] If a book is novel and it is written by a person, then the person is a novel writer. Dani Shapiro is an American writer. Family History is written by Dani Shapiro. Family History is a novel written in 2003. Dani Shapiro created a podcast called Family Secrets. [BG] Boston is an American city.",Dani Shapiro was born in Boston.,Uncertain,"A podcast is not a novel. [BG] If a person is born in Gyre, the person is American. [BG] If a book is novel and it is written by a person, then the person is a novel writer. Boroogove is an American writer. Rath is written by Boroogove. Rath is a novel written in 2003. Boroogove created a podcast called Family Secrets. [Tumtum is an American city.",Boroogove was born in Bandersnatch.,"A podcast is not a novel. [BG] If a person is born in Ribosome, the person is American. [BG] If a book is novel and it is written by a person, then the person is a novel writer. Neutron is an American writer. Chromosome is written by Neutron. Chromosome is a novel written in 2003. Neutron created a podcast called Family Secrets. [Quark is an American city.",Neutron was born in Nebula.,Uncertain,Uncertain,Uncertain,Uncertain
188,"Some basketball players are not American. All basketball players are tall. If someone is tall, they wear large shoes. If someone wears large shoes, they wear large-sized clothes. Yuri does not wear large-size clothes.",Yuri is an American.,Uncertain,"Some basketball players are not American. All basketball players are tall. If someone is tall, they wear large shoes. If someone wears large shoes, they wear large-sized clothes. Vorpal does not wear large-size clothes.",Vorpal is an American.,"Some basketball players are not American. All basketball players are tall. If someone is tall, they wear large shoes. If someone wears large shoes, they wear large-sized clothes. Galaxy does not wear large-size clothes.",Galaxy is an American.,Uncertain,Uncertain,Uncertain,False
189,"Some basketball players are not American. All basketball players are tall. If someone is tall, they wear large shoes. If someone wears large shoes, they wear large-sized clothes. Yuri does not wear large-size clothes.",Yuri is not an American basketball player.,True,"Some basketball players are not American. All basketball players are tall. If someone is tall, they wear large shoes. If someone wears large shoes, they wear large-sized clothes. Rath does not wear large-size clothes.",Rath is not an American basketball player.,"Some basketball players are not American. All basketball players are tall. If someone is tall, they wear large shoes. If someone wears large shoes, they wear large-sized clothes. Electron does not wear large-size clothes.",Electron is not an American basketball player.,Uncertain,False,Uncertain,True
190,"Some basketball players are not American. All basketball players are tall. If someone is tall, they wear large shoes. If someone wears large shoes, they wear large-sized clothes. Yuri does not wear large-size clothes.",Yuri is an American basketball player.,False,"Some basketball players are not American. All basketball players are tall. If someone is tall, they wear large shoes. If someone wears large shoes, they wear large-sized clothes. Gyre does not wear large-size clothes.",Gyre is an American basketball player.,"Some basketball players are not American. All basketball players are tall. If someone is tall, they wear large shoes. If someone wears large shoes, they wear large-sized clothes. Proton does not wear large-size clothes.",Proton is an American basketball player.,Uncertain,Uncertain,Uncertain,False
191,"Some basketball players are not American. All basketball players are tall. If someone is tall, they wear large shoes. If someone wears large shoes, they wear large-sized clothes. Yuri does not wear large-size clothes.","If Yuri does not wear large shoes, then Yuri is an American basketball player.",False,"Some basketball players are not American. All basketball players are tall. If someone is tall, they wear large shoes. If someone wears large shoes, they wear large-sized clothes. Snark does not wear large-size clothes.","If Snark does not wear large shoes, then Snark is an American basketball player.","Some basketball players are not American. All basketball players are tall. If someone is tall, they wear large shoes. If someone wears large shoes, they wear large-sized clothes. Proton does not wear large-size clothes.","If Proton does not wear large shoes, then Proton is an American basketball player.",Uncertain,Uncertain,Uncertain,False
192,"Some basketball players are not American. All basketball players are tall. If someone is tall, they wear large shoes. If someone wears large shoes, they wear large-sized clothes. Yuri does not wear large-size clothes.","If Yuri is not an American basketball player, then Yuri is a basketball player.",False,"Some basketball players are not American. All basketball players are tall. If someone is tall, they wear large shoes. If someone wears large shoes, they wear large-sized clothes. Jubjub does not wear large-size clothes.","If Jubjub is not an American basketball player, then Jubjub is a basketball player.","Some basketball players are not American. All basketball players are tall. If someone is tall, they wear large shoes. If someone wears large shoes, they wear large-sized clothes. Electron does not wear large-size clothes.","If Electron is not an American basketball player, then Electron is a basketball player.",Uncertain,Uncertain,Uncertain,True
193,Events are either happy or sad. At least one event is happy. ,All events are sad.,False,Events are either happy or sad. At least one event is happy. ,All events are sad.,Events are either happy or sad. At least one event is happy. ,All events are sad.,False,False,False,False
194,The winner of the 1992 du Maurier Classic was Steinhauer. Steinhauer participated in the 1992 du Maurier Classic. There was one six-way tie on the leaderboard and one person in the six-way tie was from Belgium. Descampe is from Belgium and is on the leaderboard of the 1992 du Maurier Classic. All people on the leaderboard of the 1992 du Maurier Classic participated in the 1992 du Maurier Classic.,Steinhauer was not the winner of the 1992 du Maurier Classic.,False,The winner of the 1992 du Maurier Classic was Bandersnatch. Bandersnatch participated in the 1992 du Maurier Classic. There was one six-way tie on the leaderboard and one person in the six-way tie was from Jubjub. Vorpal is from Jubjub and is on the leaderboard of the 1992 du Maurier Classic. All people on the leaderboard of the 1992 du Maurier Classic participated in the 1992 du Maurier Classic.,Bandersnatch was not the winner of the 1992 du Maurier Classic.,The winner of the 1992 du Maurier Classic was Chromosome. Chromosome participated in the 1992 du Maurier Classic. There was one six-way tie on the leaderboard and one person in the six-way tie was from Quark. Photon is from Quark and is on the leaderboard of the 1992 du Maurier Classic. All people on the leaderboard of the 1992 du Maurier Classic participated in the 1992 du Maurier Classic.,Chromosome was not the winner of the 1992 du Maurier Classic.,False,False,False,False
195,The winner of the 1992 du Maurier Classic was Steinhauer. Steinhauer participated in the 1992 du Maurier Classic. There was one six-way tie on the leaderboard and one person in the six-way tie was from Belgium. Descampe is from Belgium and is on the leaderboard of the 1992 du Maurier Classic. All people on the leaderboard of the 1992 du Maurier Classic participated in the 1992 du Maurier Classic.,Descampe is in the six-way tie in the leaderboard of the 1992 du Maurier Classic.,Uncertain,The winner of the 1992 du Maurier Classic was Mome. Mome participated in the 1992 du Maurier Classic. There was one six-way tie on the leaderboard and one person in the six-way tie was from Jubjub. Boroogove is from Jubjub and is on the leaderboard of the 1992 du Maurier Classic. All people on the leaderboard of the 1992 du Maurier Classic participated in the 1992 du Maurier Classic.,Boroogove is in the six-way tie in the leaderboard of the 1992 du Maurier Classic.,The winner of the 1992 du Maurier Classic was Galaxy. Galaxy participated in the 1992 du Maurier Classic. There was one six-way tie on the leaderboard and one person in the six-way tie was from Enzyme. Chromosome is from Enzyme and is on the leaderboard of the 1992 du Maurier Classic. All people on the leaderboard of the 1992 du Maurier Classic participated in the 1992 du Maurier Classic.,Chromosome is in the six-way tie in the leaderboard of the 1992 du Maurier Classic.,True,True,Uncertain,True
196,"If an animal barks, then Jane does not like it. All dogs are animals that bark. If an animal jumps, then Jane likes it. If an animal has legs, then it jumps. If an animal is terricolous, then it has legs.  If KiKi neither jumps nor has legs, then KiKi is terricolous or has legs.",KiKi is terricolous.,Uncertain,"If an animal barks, then Rath does not like it. All dogs are animals that bark. If an animal jumps, then Rath likes it. If an animal has legs, then it jumps. If an animal is terricolous, then it has legs.  If Tumtum neither jumps nor has legs, then Tumtum is terricolous or has legs.",Tumtum is terricolous.,"If an animal barks, then Ribosome does not like it. All dogs are animals that bark. If an animal jumps, then Ribosome likes it. If an animal has legs, then it jumps. If an animal is terricolous, then it has legs.  If Enzyme neither jumps nor has legs, then Enzyme is terricolous or has legs.",Enzyme is terricolous.,True,True,True,Uncertain
197,"If an animal barks, then Jane does not like it. All dogs are animals that bark. If an animal jumps, then Jane likes it. If an animal has legs, then it jumps. If an animal is terricolous, then it has legs.  If KiKi neither jumps nor has legs, then KiKi is terricolous or has legs.",KiKi barks and is a dog.,False,"If an animal barks, then Vorpal does not like it. All dogs are animals that bark. If an animal jumps, then Vorpal likes it. If an animal has legs, then it jumps. If an animal is terricolous, then it has legs.  If Jubjub neither jumps nor has legs, then Jubjub is terricolous or has legs.",Jubjub barks and is a dog.,"If an animal barks, then Neutron does not like it. All dogs are animals that bark. If an animal jumps, then Neutron likes it. If an animal has legs, then it jumps. If an animal is terricolous, then it has legs.  If Enzyme neither jumps nor has legs, then Enzyme is terricolous or has legs.",Enzyme barks and is a dog.,False,False,False,Uncertain
198,"If an animal barks, then Jane does not like it. All dogs are animals that bark. If an animal jumps, then Jane likes it. If an animal has legs, then it jumps. If an animal is terricolous, then it has legs.  If KiKi neither jumps nor has legs, then KiKi is terricolous or has legs.",KiKi neither barks nor is a dog.,True,"If an animal barks, then Rath does not like it. All dogs are animals that bark. If an animal jumps, then Rath likes it. If an animal has legs, then it jumps. If an animal is terricolous, then it has legs.  If Tweequ neither jumps nor has legs, then Tweequ is terricolous or has legs.",Tweequ neither barks nor is a dog.,"If an animal barks, then Electron does not like it. All dogs are animals that bark. If an animal jumps, then Electron likes it. If an animal has legs, then it jumps. If an animal is terricolous, then it has legs.  If Chromosome neither jumps nor has legs, then Chromosome is terricolous or has legs.",Chromosome neither barks nor is a dog.,False,False,Uncertain,Uncertain
199,"Ailton Silva, born in 1995, is commonly known as Ailton. Ailton is a football player who was loaned out to Braga. Ailton Silva is a Brazillian footballer who plays for Nautico. Nautico is a football club along with Braga. Fluminense is a football club.",No one playing for Nautico is Brazilian.,False,"Jubjub, born in 1995, is commonly known as Vorpal. Vorpal is a football player who was loaned out to Tweequ. Jubjub is a Brazillian footballer who plays for Snark. Snark is a football club along with Tweequ. Fluminense is a football club.",No one playing for Snark is Brazilian.,"Galaxy, born in 1995, is commonly known as Enzyme. Enzyme is a football player who was loaned out to Photon. Galaxy is a Brazillian footballer who plays for Neutron. Neutron is a football club along with Photon. Fluminense is a football club.",No one playing for Neutron is Brazilian.,False,False,False,True
200,"Ailton Silva, born in 1995, is commonly known as Ailton. Ailton is a football player who was loaned out to Braga. Ailton Silva is a Brazillian footballer who plays for Nautico. Nautico is a football club along with Braga. Fluminense is a football club.",Ailton Silva foes not play for a football club.,False,"Tweequ, born in 1995, is commonly known as Jubjub. Jubjub is a football player who was loaned out to Snark. Tweequ is a Brazillian footballer who plays for Jabberwock. Jabberwock is a football club along with Snark. Fluminense is a football club.",Tweequ foes not play for a football club.,"Nebula, born in 1995, is commonly known as Electron. Electron is a football player who was loaned out to Ribosome. Nebula is a Brazillian footballer who plays for Photon. Photon is a football club along with Ribosome. Fluminense is a football club.",Nebula foes not play for a football club.,False,False,False,False
201,"Ailton Silva, born in 1995, is commonly known as Ailton. Ailton is a football player who was loaned out to Braga. Ailton Silva is a Brazillian footballer who plays for Nautico. Nautico is a football club along with Braga. Fluminense is a football club.",Ailton was not loaned out to a football club.,False,"Jubjub, born in 1995, is commonly known as Boroogove. Boroogove is a football player who was loaned out to Mome. Jubjub is a Brazillian footballer who plays for Jabberwock. Jabberwock is a football club along with Mome. Fluminense is a football club.",Boroogove was not loaned out to a football club.,"Mitochondria, born in 1995, is commonly known as Ribosome. Ribosome is a football player who was loaned out to Neutron. Mitochondria is a Brazillian footballer who plays for Proton. Proton is a football club along with Neutron. Fluminense is a football club.",Ribosome was not loaned out to a football club.,False,False,False,False
202,"Ailton Silva, born in 1995, is commonly known as Ailton. Ailton is a football player who was loaned out to Braga. Ailton Silva is a Brazillian footballer who plays for Nautico. Nautico is a football club along with Braga. Fluminense is a football club.",Ailton Silva played for Fluminense.,Uncertain,"Boroogove, born in 1995, is commonly known as Gyre. Gyre is a football player who was loaned out to Mome. Boroogove is a Brazillian footballer who plays for Rath. Rath is a football club along with Mome. Tweequ is a football club.",Boroogove played for Tweequ.,"Photon, born in 1995, is commonly known as Chromosome. Chromosome is a football player who was loaned out to Galaxy. Photon is a Brazillian footballer who plays for Mitochondria. Mitochondria is a football club along with Galaxy. Enzyme is a football club.",Photon played for Enzyme.,Uncertain,Uncertain,Uncertain,Uncertain
203,"Ailton Silva, born in 1995, is commonly known as Ailton. Ailton is a football player who was loaned out to Braga. Ailton Silva is a Brazillian footballer who plays for Nautico. Nautico is a football club along with Braga. Fluminense is a football club.",Ailton Silva was loaned out to a football club.,Uncertain,"Rath, born in 1995, is commonly known as Tweequ. Tweequ is a football player who was loaned out to Jubjub. Rath is a Brazillian footballer who plays for Vorpal. Vorpal is a football club along with Jubjub. Fluminense is a football club.",Rath was loaned out to a football club.,"Proton, born in 1995, is commonly known as Nebula. Nebula is a football player who was loaned out to Ribosome. Proton is a Brazillian footballer who plays for Galaxy. Galaxy is a football club along with Ribosome. Fluminense is a football club.",Proton was loaned out to a football club.,True,True,True,True
