id,premises,conclusion,label,caroline_premises,caroline_conclusion,shuffled_premises,llm_answer_original,llm_answer_caroline
0,"If people perform in school talent shows often, then they attend and are very engaged with school events. People either perform in school talent shows often or are inactive and disinterested members of their community. If people chaperone high school dances, then they are not students who attend the school. All people who are inactive and disinterested members of their community chaperone high school dances. All young children and teenagers who wish to further their academic careers and educational opportunities are students who attend the school. Bonnie either both attends and is very engaged with school events and is a student who attends the school, or she neither attends and is very engaged with school events nor is a student who attends the school. ",Bonnie performs in school talent shows often.,Uncertain,"If people perform in school talent shows often, then they attend and are very engaged with school events. People either perform in school talent shows often or are inactive and disinterested members of their community. If people chaperone high school dances, then they are not students who attend the school. All people who are inactive and disinterested members of their community chaperone high school dances. All young children and teenagers who wish to further their academic careers and educational opportunities are students who attend the school. Boroogove either both attends and is very engaged with school events and is a student who attends the school, or she neither attends and is very engaged with school events nor is a student who attends the school. ",Jabberwock performs in school talent shows often.,"If people perform in school talent shows often, then they attend and are very engaged with school events.
If people chaperone high school dances, then they are not students who attend the school.
All young children and teenagers who wish to further their academic careers and educational opportunities are students who attend the school.
People either perform in school talent shows often or are inactive and disinterested members of their community.
All people who are inactive and disinterested members of their community chaperone high school dances.
Bonnie either both attends and is very engaged with school events and is a student who attends the school, or she neither attends and is very engaged with school events nor is a student who attends the school.",Uncertain,Uncertain
1,"If people perform in school talent shows often, then they attend and are very engaged with school events. People either perform in school talent shows often or are inactive and disinterested members of their community. If people chaperone high school dances, then they are not students who attend the school. All people who are inactive and disinterested members of their community chaperone high school dances. All young children and teenagers who wish to further their academic careers and educational opportunities are students who attend the school. Bonnie either both attends and is very engaged with school events and is a student who attends the school, or she neither attends and is very engaged with school events nor is a student who attends the school. ","If Bonnie is either both a young child or teenager who wishes to further her academic career and educational opportunities and chaperones high school dances or neither is a young child nor teenager who wishes to further her academic career and educational opportunities, then Bonnie is either a student who attends the school or is an inactive and disinterested member of the community.",True,"If people perform in school talent shows often, then they attend and are very engaged with school events. People either perform in school talent shows often or are inactive and disinterested members of their community. If people chaperone high school dances, then they are not students who attend the school. All people who are inactive and disinterested members of their community chaperone high school dances. All young children and teenagers who wish to further their academic careers and educational opportunities are students who attend the school. Boroogove either both attends and is very engaged with school events and is a student who attends the school, or she neither attends and is very engaged with school events nor is a student who attends the school. ","If Mome is either both a young child or teenager who wishes to further her academic career and educational opportunities and chaperones high school dances or neither is a young child nor teenager who wishes to further her academic career and educational opportunities, then Mome is either a student who attends the school or is an inactive and disinterested member of the community.","Bonnie either both attends and is very engaged with school events and is a student who attends the school, or she neither attends and is very engaged with school events nor is a student who attends the school.
People either perform in school talent shows often or are inactive and disinterested members of their community.
All people who are inactive and disinterested members of their community chaperone high school dances.
If people perform in school talent shows often, then they attend and are very engaged with school events.
All young children and teenagers who wish to further their academic careers and educational opportunities are students who attend the school.
If people chaperone high school dances, then they are not students who attend the school.",True,True
2,"If people perform in school talent shows often, then they attend and are very engaged with school events. People either perform in school talent shows often or are inactive and disinterested members of their community. If people chaperone high school dances, then they are not students who attend the school. All people who are inactive and disinterested members of their community chaperone high school dances. All young children and teenagers who wish to further their academic careers and educational opportunities are students who attend the school. Bonnie either both attends and is very engaged with school events and is a student who attends the school, or she neither attends and is very engaged with school events nor is a student who attends the school. ","If Bonnie either chaperones high school dances or, if she does not, she performs in school talent shows often, then Bonnie is both a young child or teenager who wishes to further her academic career and educational opportunities and an inactive and disinterested member of the community.",False,"If people perform in school talent shows often, then they attend and are very engaged with school events. People either perform in school talent shows often or are inactive and disinterested members of their community. If people chaperone high school dances, then they are not students who attend the school. All people who are inactive and disinterested members of their community chaperone high school dances. All young children and teenagers who wish to further their academic careers and educational opportunities are students who attend the school. Tumtum either both attends and is very engaged with school events and is a student who attends the school, or she neither attends and is very engaged with school events nor is a student who attends the school. ","If Snark either chaperones high school dances or, if she does not, she performs in school talent shows often, then Snark is both a young child or teenager who wishes to further her academic career and educational opportunities and an inactive and disinterested member of the community.","All people who are inactive and disinterested members of their community chaperone high school dances.
If people perform in school talent shows often, then they attend and are very engaged with school events.
All young children and teenagers who wish to further their academic careers and educational opportunities are students who attend the school.
If people chaperone high school dances, then they are not students who attend the school.
Bonnie either both attends and is very engaged with school events and is a student who attends the school, or she neither attends and is very engaged with school events nor is a student who attends the school.
People either perform in school talent shows often or are inactive and disinterested members of their community.",False,False
3,"All employees who schedule a meeting with their customers will appear in the company today.  Everyone who has lunch in the company schedules meetings with their customers.  Employees will either have lunch in the company or have lunch at home. If an employee has lunch at home, then he/she is working remotely from home. All employees who are in other countries work remotely from home.  No managers work remotely from home.  James is either a manager and appears in the company today or neither a manager nor appears in the company today.",James has lunch in the company.,Uncertain,"All employees who schedule a meeting with their customers will appear in the company today.  Everyone who has lunch in the company schedules meetings with their customers.  Gyre will either have lunch in the company or have lunch at home. If an employee has lunch at home, then he/she is working remotely from home. All employees who are in other countries work remotely from home.  No managers work remotely from home.  Bandersnatch is either a manager and appears in the company today or neither a manager nor appears in the company today.",Tumtum has lunch in the company.,"Employees will either have lunch in the company or have lunch at home.
All employees who are in other countries work remotely from home.
James is either a manager and appears in the company today or neither a manager nor appears in the company today.
Everyone who has lunch in the company schedules meetings with their customers.
If an employee has lunch at home, then he/she is working remotely from home.
No managers work remotely from home.
All employees who schedule a meeting with their customers will appear in the company today.",Uncertain,Uncertain
4,"All employees who schedule a meeting with their customers will appear in the company today.  Everyone who has lunch in the company schedules meetings with their customers.  Employees will either have lunch in the company or have lunch at home. If an employee has lunch at home, then he/she is working remotely from home. All employees who are in other countries work remotely from home.  No managers work remotely from home.  James is either a manager and appears in the company today or neither a manager nor appears in the company today.",James does not have lunch in the company.,Uncertain,"All employees who schedule a meeting with their customers will appear in the company today.  Everyone who has lunch in the company schedules meetings with their customers.  Rath will either have lunch in the company or have lunch at home. If an employee has lunch at home, then he/she is working remotely from home. All employees who are in other countries work remotely from home.  No managers work remotely from home.  Jabberwock is either a manager and appears in the company today or neither a manager nor appears in the company today.",Mome does not have lunch in the company.,"No managers work remotely from home.
All employees who schedule a meeting with their customers will appear in the company today.
Employees will either have lunch in the company or have lunch at home.
Everyone who has lunch in the company schedules meetings with their customers.
James is either a manager and appears in the company today or neither a manager nor appears in the company today.
All employees who are in other countries work remotely from home.
If an employee has lunch at home, then he/she is working remotely from home.",True,Uncertain
5,"All employees who schedule a meeting with their customers will appear in the company today.  Everyone who has lunch in the company schedules meetings with their customers.  Employees will either have lunch in the company or have lunch at home. If an employee has lunch at home, then he/she is working remotely from home. All employees who are in other countries work remotely from home.  No managers work remotely from home.  James is either a manager and appears in the company today or neither a manager nor appears in the company today.","If James is either a manager or in other countries,  then James either has lunch at home and works remotely from home, or neither has lunch at home nor works remotely from home.",True,"All employees who schedule a meeting with their customers will appear in the company today.  Everyone who has lunch in the company schedules meetings with their customers.  Tweequ will either have lunch in the company or have lunch at home. If an employee has lunch at home, then he/she is working remotely from home. All employees who are in other countries work remotely from home.  No managers work remotely from home.  Mome is either a manager and appears in the company today or neither a manager nor appears in the company today.","If Jubjub is either a manager or in other countries,  then Jubjub either has lunch at home and works remotely from home, or neither has lunch at home nor works remotely from home.","Employees will either have lunch in the company or have lunch at home.
No managers work remotely from home.
All employees who schedule a meeting with their customers will appear in the company today.
Everyone who has lunch in the company schedules meetings with their customers.
All employees who are in other countries work remotely from home.
If an employee has lunch at home, then he/she is working remotely from home.
James is either a manager and appears in the company today or neither a manager nor appears in the company today.",True,True
6,"Monkeypox is an infectious disease caused by the monkeypox virus. Monkeypox virus can occur in certain animals, including humans. Humans are mammals. Mammals are animals. Symptons of Monkeypox include fever, headache, muscle pains, feeling tired, and so on. People feel tired when they get a glu.",There is an animal.,True,"Boroogove is an infectious disease caused by the monkeypox virus. Boroogove virus can occur in certain animals, including humans. Humans are mammals. Mammals are animals. Symptons of Boroogove include fever, headache, muscle pains, feeling tired, and so on. People feel tired when they get a glu.",There is an animal.,"Symptons of Monkeypox include fever, headache, muscle pains, feeling tired, and so on.
Mammals are animals.
Monkeypox virus can occur in certain animals, including humans.
Humans are mammals.
People feel tired when they get a glu.
Monkeypox is an infectious disease caused by the monkeypox virus.",True,True
7,"Monkeypox is an infectious disease caused by the monkeypox virus. Monkeypox virus can occur in certain animals, including humans. Humans are mammals. Mammals are animals. Symptons of Monkeypox include fever, headache, muscle pains, feeling tired, and so on. People feel tired when they get a glu.",No one gets flu.,Uncertain,"Jubjub is an infectious disease caused by the monkeypox virus. Jubjub virus can occur in certain animals, including humans. Humans are mammals. Mammals are animals. Symptons of Jubjub include fever, headache, muscle pains, feeling tired, and so on. People feel tired when they get a glu.",No one gets flu.,"Symptons of Monkeypox include fever, headache, muscle pains, feeling tired, and so on.
Monkeypox is an infectious disease caused by the monkeypox virus.
Monkeypox virus can occur in certain animals, including humans.
Mammals are animals.
People feel tired when they get a glu.
Humans are mammals.",False,Uncertain
8,"Monkeypox is an infectious disease caused by the monkeypox virus. Monkeypox virus can occur in certain animals, including humans. Humans are mammals. Mammals are animals. Symptons of Monkeypox include fever, headache, muscle pains, feeling tired, and so on. People feel tired when they get a glu.",Symptons of Monkeypox include coughing.,Uncertain,"Snark is an infectious disease caused by the monkeypox virus. Snark virus can occur in certain animals, including humans. Humans are mammals. Mammals are animals. Symptons of Snark include fever, headache, muscle pains, feeling tired, and so on. People feel tired when they get a glu.",Symptons of Tumtum include coughing.,"Mammals are animals.
People feel tired when they get a glu.
Monkeypox is an infectious disease caused by the monkeypox virus.
Humans are mammals.
Symptons of Monkeypox include fever, headache, muscle pains, feeling tired, and so on.
Monkeypox virus can occur in certain animals, including humans.",False,Uncertain
9,"There are six types of wild turkeys: Eastern wild turkey, Osceola wild turkey, Gould’s wild turkey, Merriam’s wild turkey, Rio Grande wild turkey, and Ocellated wild turkey. Tom is not an Eastern wild turkey. Tom is not an Osceola wild turkey. Tom is also not a Gould's wild turkey, or a Merriam's wild turkey, or a Rio Grande wild turkey. Tom is a wild turkey.",Tom is an Ocellated wild turkey.,True,"There are six types of wild turkeys: Rath wild turkey, Bandersnatch wild turkey, Mome’s wild turkey, Jabberwock wild turkey, Snark wild turkey, and Gyre wild turkey. Boroogove is not an Rath wild turkey. Boroogove is not an Bandersnatch wild turkey. Boroogove is also not a Mome's wild turkey, or a Jubjub's wild turkey, or a Snark wild turkey. Boroogove is a wild turkey.",Jubjub is an Bandersnatch wild turkey.,"Tom is not an Osceola wild turkey.
Tom is also not a Gould's wild turkey, or a Merriam's wild turkey, or a Rio Grande wild turkey.
Tom is not an Eastern wild turkey.
There are six types of wild turkeys: Eastern wild turkey, Osceola wild turkey, Gould’s wild turkey, Merriam’s wild turkey, Rio Grande wild turkey, and Ocellated wild turkey.
Tom is a wild turkey.",True,False
10,"There are six types of wild turkeys: Eastern wild turkey, Osceola wild turkey, Gould’s wild turkey, Merriam’s wild turkey, Rio Grande wild turkey, and Ocellated wild turkey. Tom is not an Eastern wild turkey. Tom is not an Osceola wild turkey. Tom is also not a Gould's wild turkey, or a Merriam's wild turkey, or a Rio Grande wild turkey. Tom is a wild turkey.",Tom is an Eastern wild turkey.,False,"There are six types of wild turkeys: Rath wild turkey, Jabberwock wild turkey, Mome’s wild turkey, Boroogove wild turkey, Gyre wild turkey, and Tumtum wild turkey. Jubjub is not an Rath wild turkey. Jubjub is not an Jabberwock wild turkey. Jubjub is also not a Mome's wild turkey, or a Snark's wild turkey, or a Gyre wild turkey. Jubjub is a wild turkey.",Boroogove is an Eastern wild turkey.,"Tom is not an Osceola wild turkey.
Tom is a wild turkey.
Tom is also not a Gould's wild turkey, or a Merriam's wild turkey, or a Rio Grande wild turkey.
Tom is not an Eastern wild turkey.
There are six types of wild turkeys: Eastern wild turkey, Osceola wild turkey, Gould’s wild turkey, Merriam’s wild turkey, Rio Grande wild turkey, and Ocellated wild turkey.",False,Uncertain
11,"There are six types of wild turkeys: Eastern wild turkey, Osceola wild turkey, Gould’s wild turkey, Merriam’s wild turkey, Rio Grande wild turkey, and Ocellated wild turkey. Tom is not an Eastern wild turkey. Tom is not an Osceola wild turkey. Tom is also not a Gould's wild turkey, or a Merriam's wild turkey, or a Rio Grande wild turkey. Tom is a wild turkey.",Joey is a wild turkey.,Uncertain,"There are six types of wild turkeys: Gyre wild turkey, Mome wild turkey, Jabberwock’s wild turkey, Bandersnatch wild turkey, Tweequ wild turkey, and Jubjub wild turkey. Rath is not an Gyre wild turkey. Rath is not an Mome wild turkey. Rath is also not a Jabberwock's wild turkey, or a Snark's wild turkey, or a Tweequ wild turkey. Rath is a wild turkey.",Tweequ is a wild turkey.,"Tom is not an Eastern wild turkey.
There are six types of wild turkeys: Eastern wild turkey, Osceola wild turkey, Gould’s wild turkey, Merriam’s wild turkey, Rio Grande wild turkey, and Ocellated wild turkey.
Tom is a wild turkey.
Tom is also not a Gould's wild turkey, or a Merriam's wild turkey, or a Rio Grande wild turkey.
Tom is not an Osceola wild turkey.",False,False
12,"A Japanese game company created the game the Legend of Zelda. All games in the Top 10 list are made by Japanese game companies. [BG] If a game sells more than one million copies, then it will be selected into the Top 10 list. The Legend of Zelda sold more than one million copies.",The Legend of Zelda is in the Top 10 list.,True,"A Japanese game company created the game the Legend of Zelda. All games in the Top 10 list are made by Japanese game companies. [BG] If a game sells more than one million copies, then it will be selected into the Top 10 list. The Legend of Zelda sold more than one million copies.",The Legend of Zelda is in the Top 10 list.,"All games in the Top 10 list are made by Japanese game companies.
A Japanese game company created the game the Legend of Zelda.
[BG] If a game sells more than one million copies, then it will be selected into the Top 10 list.
The Legend of Zelda sold more than one million copies.",True,True
13,"A Japanese game company created the game the Legend of Zelda. All games in the Top 10 list are made by Japanese game companies. [BG] If a game sells more than one million copies, then it will be selected into the Top 10 list. The Legend of Zelda sold more than one million copies.",FIFA 22 is made by a Japanese video game company.,Uncertain,"A Japanese game company created the game the Legend of Zelda. All games in the Top 10 list are made by Japanese game companies. [BG] If a game sells more than one million copies, then it will be selected into the Top 10 list. The Legend of Zelda sold more than one million copies.",FIFA 22 is made by a Japanese video game company.,"All games in the Top 10 list are made by Japanese game companies.
[BG] If a game sells more than one million copies, then it will be selected into the Top 10 list.
A Japanese game company created the game the Legend of Zelda.
The Legend of Zelda sold more than one million copies.",False,False
14,"A Japanese game company created the game the Legend of Zelda. All games in the Top 10 list are made by Japanese game companies. [BG] If a game sells more than one million copies, then it will be selected into the Top 10 list. The Legend of Zelda sold more than one million copies.",The Legend of Zelda is not in the Top 10 list.,False,"A Japanese game company created the game the Legend of Zelda. All games in the Top 10 list are made by Japanese game companies. [BG] If a game sells more than one million copies, then it will be selected into the Top 10 list. The Legend of Zelda sold more than one million copies.",The Legend of Zelda is not in the Top 10 list.,"All games in the Top 10 list are made by Japanese game companies.
The Legend of Zelda sold more than one million copies.
[BG] If a game sells more than one million copies, then it will be selected into the Top 10 list.
A Japanese game company created the game the Legend of Zelda.",False,False
15,All squares have four sides. All four-sided things are shapes. ,All squares are shapes.,True,All squares have four sides. All four-sided things are shapes. ,All squares are shapes.,"All squares have four sides.
All four-sided things are shapes.",True,True
16,"All rabbits are cute.  Some turtles exist.  An animal is either a rabbit or a squirrel. If something is skittish, then it is not still. All squirrels are skittish. Rock is still.",Rock is a turtle.,Uncertain,"All rabbits are cute.  Some turtles exist.  An animal is either a rabbit or a squirrel. If something is skittish, then it is not still. All squirrels are skittish. Rock is still.",Rock is a turtle.,"All squirrels are skittish.
An animal is either a rabbit or a squirrel.
If something is skittish, then it is not still.
Rock is still.
All rabbits are cute.
Some turtles exist.",False,False
17,"All rabbits are cute.  Some turtles exist.  An animal is either a rabbit or a squirrel. If something is skittish, then it is not still. All squirrels are skittish. Rock is still.",Rock is not a turtle.,Uncertain,"All rabbits are cute.  Some turtles exist.  An animal is either a rabbit or a squirrel. If something is skittish, then it is not still. All squirrels are skittish. Rock is still.",Rock is not a turtle.,"If something is skittish, then it is not still.
All rabbits are cute.
An animal is either a rabbit or a squirrel.
Rock is still.
Some turtles exist.
All squirrels are skittish.",True,True
18,"All rabbits are cute.  Some turtles exist.  An animal is either a rabbit or a squirrel. If something is skittish, then it is not still. All squirrels are skittish. Rock is still.",Rock is a turtle or cute.,True,"All rabbits are cute.  Some turtles exist.  An animal is either a rabbit or a squirrel. If something is skittish, then it is not still. All squirrels are skittish. Rock is still.",Rock is a turtle or cute.,"If something is skittish, then it is not still.
Rock is still.
All rabbits are cute.
All squirrels are skittish.
An animal is either a rabbit or a squirrel.
Some turtles exist.",Uncertain,Uncertain
19,"All rabbits are cute.  Some turtles exist.  An animal is either a rabbit or a squirrel. If something is skittish, then it is not still. All squirrels are skittish. Rock is still.","If Rock is not both a turtle and a squirrel, then Rock is either cute or skittish.",True,"All rabbits are cute.  Some turtles exist.  An animal is either a rabbit or a squirrel. If something is skittish, then it is not still. All squirrels are skittish. Rock is still.","If Boroogove is not both a turtle and a squirrel, then Boroogove is either cute or skittish.","All squirrels are skittish.
All rabbits are cute.
Rock is still.
An animal is either a rabbit or a squirrel.
Some turtles exist.
If something is skittish, then it is not still.",True,Uncertain
20,"All rabbits are cute.  Some turtles exist.  An animal is either a rabbit or a squirrel. If something is skittish, then it is not still. All squirrels are skittish. Rock is still.","If Rock is cute and still, then Rock is a turtle and skittish.",False,"All rabbits are cute.  Some turtles exist.  An animal is either a rabbit or a squirrel. If something is skittish, then it is not still. All squirrels are skittish. Rock is still.","If Rath is cute and still, then Rath is a turtle and skittish.","If something is skittish, then it is not still.
Rock is still.
An animal is either a rabbit or a squirrel.
Some turtles exist.
All rabbits are cute.
All squirrels are skittish.",False,False
21,"""Stranger Things"" is a popular Netflix show. If a Netflix show is popular, Karen will binge-watch it. If and only if Karen binge-watches a Netflix show, she will download it. Karen does not download ""Black Mirror"". ""Black Mirror"" is a Netflix show. If Karen binge-watches a Netflix show, she will share it to Lisa.","Karen will share ""Stranger Things"" to Lisa.",True,"""Stranger Things"" is a popular Tumtum show. If a Tumtum show is popular, Gyre will binge-watch it. If and only if Gyre binge-watches a Tumtum show, she will download it. Gyre does not download ""Black Mirror"". ""Black Mirror"" is a Tumtum show. If Gyre binge-watches a Tumtum show, she will share it to Snark.","Snark will share ""Stranger Things"" to Jabberwock.","""Black Mirror"" is a Netflix show.
""Stranger Things"" is a popular Netflix show.
Karen does not download ""Black Mirror"".
If Karen binge-watches a Netflix show, she will share it to Lisa.
If a Netflix show is popular, Karen will binge-watch it.
If and only if Karen binge-watches a Netflix show, she will download it.",False,False
22,"""Stranger Things"" is a popular Netflix show. If a Netflix show is popular, Karen will binge-watch it. If and only if Karen binge-watches a Netflix show, she will download it. Karen does not download ""Black Mirror"". ""Black Mirror"" is a Netflix show. If Karen binge-watches a Netflix show, she will share it to Lisa.","""Black Mirror"" is popular.",False,"""Stranger Things"" is a popular Tumtum show. If a Tumtum show is popular, Mome will binge-watch it. If and only if Mome binge-watches a Tumtum show, she will download it. Mome does not download ""Black Mirror"". ""Black Mirror"" is a Tumtum show. If Mome binge-watches a Tumtum show, she will share it to Tweequ.","""Black Mirror"" is popular.","If and only if Karen binge-watches a Netflix show, she will download it.
If Karen binge-watches a Netflix show, she will share it to Lisa.
""Black Mirror"" is a Netflix show.
If a Netflix show is popular, Karen will binge-watch it.
""Stranger Things"" is a popular Netflix show.
Karen does not download ""Black Mirror"".",False,False
23,"""Stranger Things"" is a popular Netflix show. If a Netflix show is popular, Karen will binge-watch it. If and only if Karen binge-watches a Netflix show, she will download it. Karen does not download ""Black Mirror"". ""Black Mirror"" is a Netflix show. If Karen binge-watches a Netflix show, she will share it to Lisa.","Karen will share ""Black Mirror"" to Lisa.",Uncertain,"""Stranger Things"" is a popular Boroogove show. If a Boroogove show is popular, Rath will binge-watch it. If and only if Rath binge-watches a Boroogove show, she will download it. Rath does not download ""Black Mirror"". ""Black Mirror"" is a Boroogove show. If Rath binge-watches a Boroogove show, she will share it to Mome.","Tweequ will share ""Black Mirror"" to Rath.","If a Netflix show is popular, Karen will binge-watch it.
Karen does not download ""Black Mirror"".
""Black Mirror"" is a Netflix show.
""Stranger Things"" is a popular Netflix show.
If and only if Karen binge-watches a Netflix show, she will download it.
If Karen binge-watches a Netflix show, she will share it to Lisa.",False,False
24,"Beijing is the capital of the People's Republic of China.  Beijing is the world's most populous national capital city. Beijing is located in Northern China. Beijing hosted the 2008 Summer Olympics and 2008 Summer Paralympics Games. Beijing has hosted both the Summer and Winter Olympics, along with the Summer and Winter Paralympics Many of Beijing's 91 universities consistently rank among the best in the Asia-Pacific and the world.",Beijing has hosted both the 2008 Summer Olympics and a winter olympics.,True,"Mome is the capital of Jubjub.  Mome is the world's most populous national capital city. Mome is located in Northern China. Mome hosted the 2008 Summer Olympics and 2008 Summer Paralympics Games. Mome has hosted both the Summer and Winter Olympics, along with the Summer and Winter Paralympics Many of Mome's 91 universities consistently rank among the best in the Asia-Pacific and the world.",Tweequ has hosted both the 2008 Summer Olympics and a winter olympics.,"Beijing hosted the 2008 Summer Olympics and 2008 Summer Paralympics Games.
Beijing is the world's most populous national capital city.
Beijing has hosted both the Summer and Winter Olympics, along with the Summer and Winter Paralympics Many of Beijing's 91 universities consistently rank among the best in the Asia-Pacific and the world.
Beijing is located in Northern China.
Beijing is the capital of the People's Republic of China.",True,False
25,"Beijing is the capital of the People's Republic of China.  Beijing is the world's most populous national capital city. Beijing is located in Northern China. Beijing hosted the 2008 Summer Olympics and 2008 Summer Paralympics Games. Beijing has hosted both the Summer and Winter Olympics, along with the Summer and Winter Paralympics Many of Beijing's 91 universities consistently rank among the best in the Asia-Pacific and the world.",Beijing is located in southern China.,Uncertain,"Bandersnatch is the capital of Mome.  Bandersnatch is the world's most populous national capital city. Bandersnatch is located in Northern China. Bandersnatch hosted the 2008 Summer Olympics and 2008 Summer Paralympics Games. Bandersnatch has hosted both the Summer and Winter Olympics, along with the Summer and Winter Paralympics Many of Bandersnatch's 91 universities consistently rank among the best in the Asia-Pacific and the world.",Tumtum is located in southern Snark.,"Beijing is located in Northern China.
Beijing hosted the 2008 Summer Olympics and 2008 Summer Paralympics Games.
Beijing is the capital of the People's Republic of China.
Beijing is the world's most populous national capital city.
Beijing has hosted both the Summer and Winter Olympics, along with the Summer and Winter Paralympics Many of Beijing's 91 universities consistently rank among the best in the Asia-Pacific and the world.",False,Uncertain
26,"Beijing is the capital of the People's Republic of China.  Beijing is the world's most populous national capital city. Beijing is located in Northern China. Beijing hosted the 2008 Summer Olympics and 2008 Summer Paralympics Games. Beijing has hosted both the Summer and Winter Olympics, along with the Summer and Winter Paralympics Many of Beijing's 91 universities consistently rank among the best in the Asia-Pacific and the world.",Beijing is the second largest Chinese city by urban population.,Uncertain,"Bandersnatch is the capital of Snark.  Bandersnatch is the world's most populous national capital city. Bandersnatch is located in Northern China. Bandersnatch hosted the 2008 Summer Olympics and 2008 Summer Paralympics Games. Bandersnatch has hosted both the Summer and Winter Olympics, along with the Summer and Winter Paralympics Many of Bandersnatch's 91 universities consistently rank among the best in the Asia-Pacific and the world.",Mome is the second largest Chinese city by urban population.,"Beijing hosted the 2008 Summer Olympics and 2008 Summer Paralympics Games.
Beijing is the world's most populous national capital city.
Beijing is the capital of the People's Republic of China.
Beijing is located in Northern China.
Beijing has hosted both the Summer and Winter Olympics, along with the Summer and Winter Paralympics Many of Beijing's 91 universities consistently rank among the best in the Asia-Pacific and the world.",False,Uncertain
27,"All aliens are extraterrestrial. If someone is from Mars, then they are aliens. No extraterrestrial is human. Everyone from Earth is a human. Marvin cannot be from Earth and from Mars. If Marvin is not from Earth, then Marvin is an extraterrestrial.",Marvin is an alien.,False,"All aliens are extraterrestrial. If someone is from Mars, then they are aliens. No extraterrestrial is human. Everyone from Earth is a human. Bandersnatch cannot be from Earth and from Mars. If Bandersnatch is not from Earth, then Bandersnatch is an extraterrestrial.",Mome is an alien.,"Everyone from Earth is a human.
All aliens are extraterrestrial.
If Marvin is not from Earth, then Marvin is an extraterrestrial.
If someone is from Mars, then they are aliens.
Marvin cannot be from Earth and from Mars.
No extraterrestrial is human.",True,Uncertain
28,"All aliens are extraterrestrial. If someone is from Mars, then they are aliens. No extraterrestrial is human. Everyone from Earth is a human. Marvin cannot be from Earth and from Mars. If Marvin is not from Earth, then Marvin is an extraterrestrial.",Marvin is neither a human nor from Mars.,True,"All aliens are extraterrestrial. If someone is from Mars, then they are aliens. No extraterrestrial is human. Everyone from Earth is a human. Gyre cannot be from Earth and from Mars. If Gyre is not from Earth, then Gyre is an extraterrestrial.",Jubjub is neither a human nor from Mars.,"All aliens are extraterrestrial.
No extraterrestrial is human.
Marvin cannot be from Earth and from Mars.
If Marvin is not from Earth, then Marvin is an extraterrestrial.
Everyone from Earth is a human.
If someone is from Mars, then they are aliens.",True,Uncertain
29,"All aliens are extraterrestrial. If someone is from Mars, then they are aliens. No extraterrestrial is human. Everyone from Earth is a human. Marvin cannot be from Earth and from Mars. If Marvin is not from Earth, then Marvin is an extraterrestrial.","If Marvin is not from Mars, then Marvin is a human.",Uncertain,"All aliens are extraterrestrial. If someone is from Mars, then they are aliens. No extraterrestrial is human. Everyone from Earth is a human. Jubjub cannot be from Earth and from Mars. If Jubjub is not from Earth, then Jubjub is an extraterrestrial.","If Snark is not from Mars, then Snark is a human.","If Marvin is not from Earth, then Marvin is an extraterrestrial.
No extraterrestrial is human.
If someone is from Mars, then they are aliens.
Marvin cannot be from Earth and from Mars.
Everyone from Earth is a human.
All aliens are extraterrestrial.",True,Uncertain
30,"A person is either a Grand Slam champion or an Oscar-nominated actor. All people who are Grand Slam champions are professional tennis players. All Oscar-nominated actors are celebrities. All professional tennis players are athletes. If a person is a celebrity then they are well paid. If a person is an athlete then they are famous. All well-paid people live in tax havens. If Djokovic is famous and is an athlete, then Djokovic lives in well paid.",Djokovic is a Grand Slam champion.,Uncertain,"A person is either a Tumtum champion or an Jubjub-nominated actor. All people who are Tumtum champions are professional tennis players. All Jubjub-nominated actors are celebrities. All professional tennis players are athletes. If a person is a celebrity then they are well paid. If a person is an athlete then they are famous. All well-paid people live in tax havens. If Gyre is famous and is an athlete, then Gyre lives in well paid.",Djokovic is a Tweequ champion.,"If Djokovic is famous and is an athlete, then Djokovic lives in well paid.
A person is either a Grand Slam champion or an Oscar-nominated actor.
All well-paid people live in tax havens.
All professional tennis players are athletes.
If a person is an athlete then they are famous.
All people who are Grand Slam champions are professional tennis players.
All Oscar-nominated actors are celebrities.
If a person is a celebrity then they are well paid.",Uncertain,False
31,"A person is either a Grand Slam champion or an Oscar-nominated actor. All people who are Grand Slam champions are professional tennis players. All Oscar-nominated actors are celebrities. All professional tennis players are athletes. If a person is a celebrity then they are well paid. If a person is an athlete then they are famous. All well-paid people live in tax havens. If Djokovic is famous and is an athlete, then Djokovic lives in well paid.",Djokovic lives in a tax haven.,True,"A person is either a Bandersnatch champion or an Rath-nominated actor. All people who are Bandersnatch champions are professional tennis players. All Rath-nominated actors are celebrities. All professional tennis players are athletes. If a person is a celebrity then they are well paid. If a person is an athlete then they are famous. All well-paid people live in tax havens. If Tweequ is famous and is an athlete, then Tweequ lives in well paid.",Djokovic lives in a tax haven.,"All people who are Grand Slam champions are professional tennis players.
A person is either a Grand Slam champion or an Oscar-nominated actor.
All professional tennis players are athletes.
If a person is an athlete then they are famous.
All Oscar-nominated actors are celebrities.
If a person is a celebrity then they are well paid.
If Djokovic is famous and is an athlete, then Djokovic lives in well paid.
All well-paid people live in tax havens.",True,Uncertain
32,"A person is either a Grand Slam champion or an Oscar-nominated actor. All people who are Grand Slam champions are professional tennis players. All Oscar-nominated actors are celebrities. All professional tennis players are athletes. If a person is a celebrity then they are well paid. If a person is an athlete then they are famous. All well-paid people live in tax havens. If Djokovic is famous and is an athlete, then Djokovic lives in well paid.",Djokovic does not live in a tax haven.,False,"A person is either a Gyre champion or an Jubjub-nominated actor. All people who are Gyre champions are professional tennis players. All Jubjub-nominated actors are celebrities. All professional tennis players are athletes. If a person is a celebrity then they are well paid. If a person is an athlete then they are famous. All well-paid people live in tax havens. If Tumtum is famous and is an athlete, then Tumtum lives in well paid.",Tweequ does not live in a tax haven.,"All people who are Grand Slam champions are professional tennis players.
A person is either a Grand Slam champion or an Oscar-nominated actor.
If a person is a celebrity then they are well paid.
All well-paid people live in tax havens.
All professional tennis players are athletes.
All Oscar-nominated actors are celebrities.
If Djokovic is famous and is an athlete, then Djokovic lives in well paid.
If a person is an athlete then they are famous.",False,Uncertain
33,"Diamond Mine is a professional wrestling stable, formed in WWE. Roderick Strong leads Diamond Mine. Diamond Mine includes the Creed Brothers, and Ivy Nile. Imperium has a feud with Diamond Mine.",Roderick strong leads a professional wrestling stable.,True,"Snark is a professional wrestling stable, formed in Jubjub. Gyre leads Snark. Snark includes Tumtum, and Ivy Nile. Imperium has a feud with Snark.",Roderick strong leads a professional wrestling stable.,"Imperium has a feud with Diamond Mine.
Roderick Strong leads Diamond Mine.
Diamond Mine includes the Creed Brothers, and Ivy Nile.
Diamond Mine is a professional wrestling stable, formed in WWE.",True,Uncertain
34,"Diamond Mine is a professional wrestling stable, formed in WWE. Roderick Strong leads Diamond Mine. Diamond Mine includes the Creed Brothers, and Ivy Nile. Imperium has a feud with Diamond Mine.",Roderick strong leads the Creed Brothers.,Uncertain,"Gyre is a professional wrestling stable, formed in Rath. Snark leads Gyre. Gyre includes Bandersnatch, and Ivy Nile. Imperium has a feud with Gyre.",Roderick strong leads Jabberwock.,"Imperium has a feud with Diamond Mine.
Roderick Strong leads Diamond Mine.
Diamond Mine is a professional wrestling stable, formed in WWE.
Diamond Mine includes the Creed Brothers, and Ivy Nile.",Uncertain,Uncertain
35,"Diamond Mine is a professional wrestling stable, formed in WWE. Roderick Strong leads Diamond Mine. Diamond Mine includes the Creed Brothers, and Ivy Nile. Imperium has a feud with Diamond Mine.",Imperium doesn't have a feud with a professional wrestling stable that includes Ivy Nile.,False,"Rath is a professional wrestling stable, formed in Snark. Jubjub leads Rath. Rath includes Gyre, and Ivy Nile. Imperium has a feud with Rath.",Imperium doesn't have a feud with a professional wrestling stable that includes Ivy Nile.,"Diamond Mine includes the Creed Brothers, and Ivy Nile.
Imperium has a feud with Diamond Mine.
Diamond Mine is a professional wrestling stable, formed in WWE.
Roderick Strong leads Diamond Mine.",False,False
36,Symphony No. 9 is a music piece. Composers write music pieces. Beethoven wrote Symphony No. 9. Vienna Music Society premiered Symphony No. 9. Vienna Music Society is an orchestra. Beethoven leads the Vienna Music Society. Orchestras are led by conductors.,Beethoven is a composer.,True,Rath. 9 is a music piece. Composers write music pieces. Beethoven wrote Rath. 9. Gyre premiered Rath. 9. Gyre is an orchestra. Beethoven leads Snark. Tweequ are led by conductors.,Beethoven is a composer.,"9.
Vienna Music Society is an orchestra.
Symphony No.
Beethoven wrote Symphony No.
9 is a music piece.
Orchestras are led by conductors.
Composers write music pieces.
Vienna Music Society premiered Symphony No.
Beethoven leads the Vienna Music Society.
9.",True,True
37,Symphony No. 9 is a music piece. Composers write music pieces. Beethoven wrote Symphony No. 9. Vienna Music Society premiered Symphony No. 9. Vienna Music Society is an orchestra. Beethoven leads the Vienna Music Society. Orchestras are led by conductors.,Some orchestras premiered music pieces.,True,Tumtum. 9 is a music piece. Composers write music pieces. Beethoven wrote Tumtum. 9. Tweequ premiered Tumtum. 9. Tweequ is an orchestra. Beethoven leads Bandersnatch. Snark are led by conductors.,Some orchestras premiered music pieces.,"Beethoven wrote Symphony No.
9.
Composers write music pieces.
Beethoven leads the Vienna Music Society.
9.
Orchestras are led by conductors.
Vienna Music Society premiered Symphony No.
9 is a music piece.
Symphony No.
Vienna Music Society is an orchestra.",True,True
38,Symphony No. 9 is a music piece. Composers write music pieces. Beethoven wrote Symphony No. 9. Vienna Music Society premiered Symphony No. 9. Vienna Music Society is an orchestra. Beethoven leads the Vienna Music Society. Orchestras are led by conductors.,Beethoven is not a conductor.,False,Snark. 9 is a music piece. Composers write music pieces. Beethoven wrote Snark. 9. Mome premiered Snark. 9. Mome is an orchestra. Beethoven leads Tumtum. Jabberwock are led by conductors.,Beethoven is not a conductor.,"Vienna Music Society premiered Symphony No.
Vienna Music Society is an orchestra.
9.
Composers write music pieces.
Orchestras are led by conductors.
Symphony No.
Beethoven wrote Symphony No.
Beethoven leads the Vienna Music Society.
9 is a music piece.
9.",False,Uncertain
39,"All of Zaha Hadid's design styles are timeless. No mass product design is timeless. Either Zaha Hadid's design style or Kelly Wearstler's design style.  All of Kelly Wearstler's design styles are evocative. All of Kelly Wearstler's design styles are dreamy. If a design by Max is timeless, then a design by Max is a mass product design and evocative.",A design by Max is a mass product design.,Uncertain,"All of Jubjub design styles are timeless. No mass product design is timeless. Either Jubjub design style or Boroogove design style.  All of Boroogove design styles are evocative. All of Boroogove design styles are dreamy. If a design by Tweequ is timeless, then a design by Tweequ is a mass product design and evocative.",A design by Gyre is a mass product design.,"All of Kelly Wearstler's design styles are dreamy.
Either Zaha Hadid's design style or Kelly Wearstler's design style.
No mass product design is timeless.
If a design by Max is timeless, then a design by Max is a mass product design and evocative.
All of Zaha Hadid's design styles are timeless.
All of Kelly Wearstler's design styles are evocative.",False,Uncertain
40,"All of Zaha Hadid's design styles are timeless. No mass product design is timeless. Either Zaha Hadid's design style or Kelly Wearstler's design style.  All of Kelly Wearstler's design styles are evocative. All of Kelly Wearstler's design styles are dreamy. If a design by Max is timeless, then a design by Max is a mass product design and evocative.",A design by Max is evocative and dreamy.,True,"All of Tweequ design styles are timeless. No mass product design is timeless. Either Tweequ design style or Jabberwock design style.  All of Jabberwock design styles are evocative. All of Jabberwock design styles are dreamy. If a design by Gyre is timeless, then a design by Gyre is a mass product design and evocative.",A design by Jabberwock is evocative and dreamy.,"If a design by Max is timeless, then a design by Max is a mass product design and evocative.
All of Kelly Wearstler's design styles are dreamy.
No mass product design is timeless.
Either Zaha Hadid's design style or Kelly Wearstler's design style.
All of Kelly Wearstler's design styles are evocative.
All of Zaha Hadid's design styles are timeless.",Uncertain,True
41,"All of Zaha Hadid's design styles are timeless. No mass product design is timeless. Either Zaha Hadid's design style or Kelly Wearstler's design style.  All of Kelly Wearstler's design styles are evocative. All of Kelly Wearstler's design styles are dreamy. If a design by Max is timeless, then a design by Max is a mass product design and evocative.",A design by Max is either evocative or dreamy.,False,"All of Rath design styles are timeless. No mass product design is timeless. Either Rath design style or Jabberwock design style.  All of Jabberwock design styles are evocative. All of Jabberwock design styles are dreamy. If a design by Snark is timeless, then a design by Snark is a mass product design and evocative.",A design by Boroogove is either evocative or dreamy.,"If a design by Max is timeless, then a design by Max is a mass product design and evocative.
All of Kelly Wearstler's design styles are dreamy.
All of Kelly Wearstler's design styles are evocative.
No mass product design is timeless.
Either Zaha Hadid's design style or Kelly Wearstler's design style.
All of Zaha Hadid's design styles are timeless.",True,Uncertain
42,"If a player is ranked highly by the Women's Tennis Association, then they are among the most active players in major tennis.  Everyone who lost to Iga Świątek is ranked highly by the Women's Tennis Association. All female tennis players at Roland Garros 2022 lost to Iga Świątek. Either female tennis players at Roland Garros 2022 or male tennis players at Roland Garros 2022.  All male tennis players at Roland Garros 2022 lost to Rafael Nadal. If Coco Gauff is a player who is ranked highly by the Women's Tennis Association or a player who lost to Rafael Nadal, then Coco Gauff is not a male tennis player at Roland Garros 2022.",Coco Gauff is among the most active players in major tennis.,True,"If a player is ranked highly by Mome, then they are among the most active players in major tennis.  Everyone who lost to Tweequ is ranked highly by Mome. All female tennis players at Boroogove lost to Tweequ. Either female tennis players at Boroogove or male tennis players at Boroogove.  All male tennis players at Boroogove lost to Jubjub. If Bandersnatch is a player who is ranked highly by Mome or a player who lost to Jubjub, then Bandersnatch is not a male tennis player at Boroogove.",Snark is among the most active players in major tennis.,"All male tennis players at Roland Garros 2022 lost to Rafael Nadal.
Everyone who lost to Iga Świątek is ranked highly by the Women's Tennis Association.
If Coco Gauff is a player who is ranked highly by the Women's Tennis Association or a player who lost to Rafael Nadal, then Coco Gauff is not a male tennis player at Roland Garros 2022.
Either female tennis players at Roland Garros 2022 or male tennis players at Roland Garros 2022.
All female tennis players at Roland Garros 2022 lost to Iga Świątek.
If a player is ranked highly by the Women's Tennis Association, then they are among the most active players in major tennis.",True,Uncertain
43,"If a player is ranked highly by the Women's Tennis Association, then they are among the most active players in major tennis.  Everyone who lost to Iga Świątek is ranked highly by the Women's Tennis Association. All female tennis players at Roland Garros 2022 lost to Iga Świątek. Either female tennis players at Roland Garros 2022 or male tennis players at Roland Garros 2022.  All male tennis players at Roland Garros 2022 lost to Rafael Nadal. If Coco Gauff is a player who is ranked highly by the Women's Tennis Association or a player who lost to Rafael Nadal, then Coco Gauff is not a male tennis player at Roland Garros 2022.",Coco Gauff has lost to Rafael Nadal.,Uncertain,"If a player is ranked highly by Jabberwock, then they are among the most active players in major tennis.  Everyone who lost to Boroogove is ranked highly by Jabberwock. All female tennis players at Tumtum lost to Boroogove. Either female tennis players at Tumtum or male tennis players at Tumtum.  All male tennis players at Tumtum lost to Jubjub. If Snark is a player who is ranked highly by Jabberwock or a player who lost to Jubjub, then Snark is not a male tennis player at Tumtum.",Mome has lost to Boroogove.,"Everyone who lost to Iga Świątek is ranked highly by the Women's Tennis Association.
All female tennis players at Roland Garros 2022 lost to Iga Świątek.
All male tennis players at Roland Garros 2022 lost to Rafael Nadal.
Either female tennis players at Roland Garros 2022 or male tennis players at Roland Garros 2022.
If Coco Gauff is a player who is ranked highly by the Women's Tennis Association or a player who lost to Rafael Nadal, then Coco Gauff is not a male tennis player at Roland Garros 2022.
If a player is ranked highly by the Women's Tennis Association, then they are among the most active players in major tennis.",Uncertain,Uncertain
44,"If a player is ranked highly by the Women's Tennis Association, then they are among the most active players in major tennis.  Everyone who lost to Iga Świątek is ranked highly by the Women's Tennis Association. All female tennis players at Roland Garros 2022 lost to Iga Świątek. Either female tennis players at Roland Garros 2022 or male tennis players at Roland Garros 2022.  All male tennis players at Roland Garros 2022 lost to Rafael Nadal. If Coco Gauff is a player who is ranked highly by the Women's Tennis Association or a player who lost to Rafael Nadal, then Coco Gauff is not a male tennis player at Roland Garros 2022.",Coco Gauff is not a player who lost to Iga Świątek or one of the most active players in major tennis.,False,"If a player is ranked highly by Gyre, then they are among the most active players in major tennis.  Everyone who lost to Jabberwock is ranked highly by Gyre. All female tennis players at Boroogove lost to Jabberwock. Either female tennis players at Boroogove or male tennis players at Boroogove.  All male tennis players at Boroogove lost to Tweequ. If Bandersnatch is a player who is ranked highly by Gyre or a player who lost to Tweequ, then Bandersnatch is not a male tennis player at Boroogove.",Snark is not a player who lost to Gyre or one of the most active players in major tennis.,"If a player is ranked highly by the Women's Tennis Association, then they are among the most active players in major tennis.
All female tennis players at Roland Garros 2022 lost to Iga Świątek.
Everyone who lost to Iga Świątek is ranked highly by the Women's Tennis Association.
All male tennis players at Roland Garros 2022 lost to Rafael Nadal.
Either female tennis players at Roland Garros 2022 or male tennis players at Roland Garros 2022.
If Coco Gauff is a player who is ranked highly by the Women's Tennis Association or a player who lost to Rafael Nadal, then Coco Gauff is not a male tennis player at Roland Garros 2022.",False,Uncertain
45,All cats are mammals. Some pets are not mammals.,No pets are cats.,Uncertain,All cats are mammals. Some pets are not mammals.,No pets are cats.,"Some pets are not mammals.
All cats are mammals.",False,False
46,"[BG] There are four seasons in a year: Spring, Summer, Fall, and Winter. All students who want to have a long vacation love summer the most. Emma's favorite season is summer. Mia's favorite season is not the same as Emma's.  James wants to have a long vacation.",James's favorite season is summer.,True,"[BG] There are four seasons in a year: Spring, Summer, Fall, and Winter. All students who want to have a long vacation love summer the most. Rath's favorite season is summer. Tumtum's favorite season is not the same as Rath's.  Mome wants to have a long vacation.",Tumtum's favorite season is summer.,"[BG] There are four seasons in a year: Spring, Summer, Fall, and Winter.
Emma's favorite season is summer.
Mia's favorite season is not the same as Emma's.
All students who want to have a long vacation love summer the most.
James wants to have a long vacation.",Uncertain,False
47,"[BG] There are four seasons in a year: Spring, Summer, Fall, and Winter. All students who want to have a long vacation love summer the most. Emma's favorite season is summer. Mia's favorite season is not the same as Emma's.  James wants to have a long vacation.",James's favorite season is fall.,False,"[BG] There are four seasons in a year: Spring, Summer, Fall, and Winter. All students who want to have a long vacation love summer the most. Mome's favorite season is summer. Gyre's favorite season is not the same as Mome's.  Rath wants to have a long vacation.",Rath's favorite season is fall.,"[BG] There are four seasons in a year: Spring, Summer, Fall, and Winter.
Emma's favorite season is summer.
James wants to have a long vacation.
Mia's favorite season is not the same as Emma's.
All students who want to have a long vacation love summer the most.",Uncertain,Uncertain
48,"[BG] There are four seasons in a year: Spring, Summer, Fall, and Winter. All students who want to have a long vacation love summer the most. Emma's favorite season is summer. Mia's favorite season is not the same as Emma's.  James wants to have a long vacation.",Mia's favorite season is spring.,Uncertain,"[BG] There are four seasons in a year: Spring, Summer, Fall, and Winter. All students who want to have a long vacation love summer the most. Jabberwock's favorite season is summer. Bandersnatch's favorite season is not the same as Jabberwock's.  Rath wants to have a long vacation.",Tumtum's favorite season is spring.,"Emma's favorite season is summer.
James wants to have a long vacation.
[BG] There are four seasons in a year: Spring, Summer, Fall, and Winter.
Mia's favorite season is not the same as Emma's.
All students who want to have a long vacation love summer the most.",Uncertain,Uncertain
49,"No digital media are analog. Every printed text is analog. All streaming services are digital. If an object is a hardcover book then it is printed text. If 1984 is a streaming service, then 1984 is a hardcover book.",1984 is printed text.,Uncertain,"No digital media are analog. Every printed text is analog. All streaming services are digital. If an object is a hardcover book then it is printed text. If 1984 is a streaming service, then 1984 is a hardcover book.",1984 is printed text.,"If an object is a hardcover book then it is printed text.
All streaming services are digital.
No digital media are analog.
Every printed text is analog.
If 1984 is a streaming service, then 1984 is a hardcover book.",True,True
50,"No digital media are analog. Every printed text is analog. All streaming services are digital. If an object is a hardcover book then it is printed text. If 1984 is a streaming service, then 1984 is a hardcover book.",1984 is a streaming service.,False,"No digital media are analog. Every printed text is analog. All streaming services are digital. If an object is a hardcover book then it is printed text. If 1984 is a streaming service, then 1984 is a hardcover book.",1984 is a streaming service.,"No digital media are analog.
All streaming services are digital.
Every printed text is analog.
If 1984 is a streaming service, then 1984 is a hardcover book.
If an object is a hardcover book then it is printed text.",Uncertain,Uncertain
51,"No digital media are analog. Every printed text is analog. All streaming services are digital. If an object is a hardcover book then it is printed text. If 1984 is a streaming service, then 1984 is a hardcover book.",1984 is not a streaming service.,True,"No digital media are analog. Every printed text is analog. All streaming services are digital. If an object is a hardcover book then it is printed text. If 1984 is a streaming service, then 1984 is a hardcover book.",1984 is not a streaming service.,"If 1984 is a streaming service, then 1984 is a hardcover book.
If an object is a hardcover book then it is printed text.
No digital media are analog.
All streaming services are digital.
Every printed text is analog.",True,True
52,All Romance languages are Indo-European languages. The Romance languages are a language family. All languages within a language family are related to each other. French and Spanish are both Romance languages. German is related to Spanish. Basque is not related to any other language.,Basque is a Romance language.,False,All Jubjub languages are Indo-European languages. The Jubjub languages are a language family. All languages within a language family are related to each other. French and Spanish are both Jubjub languages. German is related to Spanish. Basque is not related to any other language.,Basque is a Romance language.,"German is related to Spanish.
All Romance languages are Indo-European languages.
The Romance languages are a language family.
French and Spanish are both Romance languages.
Basque is not related to any other language.
All languages within a language family are related to each other.",False,False
53,All Romance languages are Indo-European languages. The Romance languages are a language family. All languages within a language family are related to each other. French and Spanish are both Romance languages. German is related to Spanish. Basque is not related to any other language.,German is a Romance language.,Uncertain,All Tumtum languages are Indo-European languages. The Tumtum languages are a language family. All languages within a language family are related to each other. French and Spanish are both Tumtum languages. German is related to Spanish. Basque is not related to any other language.,German is a Romance language.,"The Romance languages are a language family.
Basque is not related to any other language.
German is related to Spanish.
French and Spanish are both Romance languages.
All languages within a language family are related to each other.
All Romance languages are Indo-European languages.",False,False
54,All Romance languages are Indo-European languages. The Romance languages are a language family. All languages within a language family are related to each other. French and Spanish are both Romance languages. German is related to Spanish. Basque is not related to any other language.,French is an Indo-European language.,True,All Boroogove languages are Indo-European languages. The Boroogove languages are a language family. All languages within a language family are related to each other. French and Spanish are both Boroogove languages. German is related to Spanish. Basque is not related to any other language.,French is an Indo-European language.,"All languages within a language family are related to each other.
The Romance languages are a language family.
All Romance languages are Indo-European languages.
German is related to Spanish.
Basque is not related to any other language.
French and Spanish are both Romance languages.",True,True
55,Robert Lewandowski is a striker. [BG] Strikers are soccer players. Robert Lewandowski left Bayern Munchen. [BG] If a player left a team they no longer play for that team.,Robert Lewandowski is a soccer player.,True,Gyre is a striker. [Snark are soccer players. Gyre left Bayern Munchen. [BG] If a player left a team they no longer play for that team.,Tumtum is a soccer player.,"Robert Lewandowski is a striker.
[BG] Strikers are soccer players.
Robert Lewandowski left Bayern Munchen.
[BG] If a player left a team they no longer play for that team.",True,Uncertain
56,Robert Lewandowski is a striker. [BG] Strikers are soccer players. Robert Lewandowski left Bayern Munchen. [BG] If a player left a team they no longer play for that team.,Robert Lewandowski plays for Bayern Munchen.,False,Rath is a striker. [Jubjub are soccer players. Rath left Bayern Munchen. [BG] If a player left a team they no longer play for that team.,Tweequ plays for Bayern Munchen.,"[BG] If a player left a team they no longer play for that team.
[BG] Strikers are soccer players.
Robert Lewandowski is a striker.
Robert Lewandowski left Bayern Munchen.",False,False
57,Robert Lewandowski is a striker. [BG] Strikers are soccer players. Robert Lewandowski left Bayern Munchen. [BG] If a player left a team they no longer play for that team.,Robert Lewandowski is a star.,Uncertain,Gyre is a striker. [Bandersnatch are soccer players. Gyre left Bayern Munchen. [BG] If a player left a team they no longer play for that team.,Boroogove is a star.,"Robert Lewandowski left Bayern Munchen.
Robert Lewandowski is a striker.
[BG] If a player left a team they no longer play for that team.
[BG] Strikers are soccer players.",Uncertain,Uncertain
58,"Billings is a city in Montana. Montana includes the cities of Butte, Helena, and Missoula. White Sulphur Springs and Butte are cities in the same state. The city of Pierre is not in Montana. Any city in Butte is not in Pierre.",Butte and Pierre are in the same state.,False,"Billings is a city in Snark. Snark includes the cities of Tumtum, Jubjub, and Jabberwock. White Rath and Tumtum are cities in the same state. The city of Tweequ is not in Snark. Any city in Tumtum is not in Tweequ.",Tumtum and Bandersnatch are in the same state.,"Any city in Butte is not in Pierre.
White Sulphur Springs and Butte are cities in the same state.
The city of Pierre is not in Montana.
Billings is a city in Montana.
Montana includes the cities of Butte, Helena, and Missoula.",False,False
59,"Billings is a city in Montana. Montana includes the cities of Butte, Helena, and Missoula. White Sulphur Springs and Butte are cities in the same state. The city of Pierre is not in Montana. Any city in Butte is not in Pierre.",Pierre and Bismarck are in the same state.,Uncertain,"Billings is a city in Bandersnatch. Bandersnatch includes the cities of Jabberwock, Mome, and Snark. White Gyre and Jabberwock are cities in the same state. The city of Tumtum is not in Bandersnatch. Any city in Jabberwock is not in Tumtum.",Jabberwock and Gyre are in the same state.,"Montana includes the cities of Butte, Helena, and Missoula.
Billings is a city in Montana.
Any city in Butte is not in Pierre.
White Sulphur Springs and Butte are cities in the same state.
The city of Pierre is not in Montana.",False,True
60,"Billings is a city in Montana. Montana includes the cities of Butte, Helena, and Missoula. White Sulphur Springs and Butte are cities in the same state. The city of Pierre is not in Montana. Any city in Butte is not in Pierre.",Montana is home to the city of Missoula.,True,"Billings is a city in Tumtum. Tumtum includes the cities of Rath, Bandersnatch, and Jabberwock. White Tweequ and Rath are cities in the same state. The city of Gyre is not in Tumtum. Any city in Rath is not in Gyre.",Jubjub is home to the city of Bandersnatch.,"Billings is a city in Montana.
White Sulphur Springs and Butte are cities in the same state.
Montana includes the cities of Butte, Helena, and Missoula.
Any city in Butte is not in Pierre.
The city of Pierre is not in Montana.",True,False
61,International students in US have either an F1 visa or a J1 visa. An international student in US with an F1 visa needs to apply for CPT or OPT if the student wants to work in the US. Mike is an international student. Mike needs to apply for CPT if he wants to work in the US.,Mike has an F1 visa.,Uncertain,International students in Snark have either an Jubjub visa or a J1 visa. An international student in Snark with an Jubjub visa needs to apply for Boroogove or Mome if the student wants to work in the Snark. Tumtum is an international student. Tumtum needs to apply for Boroogove if he wants to work in the Snark.,Jabberwock has an Mome visa.,"Mike needs to apply for CPT if he wants to work in the US.
An international student in US with an F1 visa needs to apply for CPT or OPT if the student wants to work in the US.
Mike is an international student.
International students in US have either an F1 visa or a J1 visa.",Uncertain,Uncertain
62,International students in US have either an F1 visa or a J1 visa. An international student in US with an F1 visa needs to apply for CPT or OPT if the student wants to work in the US. Mike is an international student. Mike needs to apply for CPT if he wants to work in the US.,Mike has a J1 visa.,Uncertain,International students in Gyre have either an Mome visa or a J1 visa. An international student in Gyre with an Mome visa needs to apply for Snark or Rath if the student wants to work in the Gyre. Tumtum is an international student. Tumtum needs to apply for Snark if he wants to work in the Gyre.,Mome has a J1 visa.,"Mike is an international student.
Mike needs to apply for CPT if he wants to work in the US.
International students in US have either an F1 visa or a J1 visa.
An international student in US with an F1 visa needs to apply for CPT or OPT if the student wants to work in the US.",Uncertain,False
63,"All cows are bovines. Some pets are cows. If something is a bovine, then it is domesticated. No domesticated animals are alligators. Ted is an aligator.",Ted is a pet.,Uncertain,"All cows are bovines. Some pets are cows. If something is a bovine, then it is domesticated. No domesticated animals are alligators. Rath is an aligator.",Snark is a pet.,"All cows are bovines.
No domesticated animals are alligators.
If something is a bovine, then it is domesticated.
Ted is an aligator.
Some pets are cows.",False,Uncertain
64,"All cows are bovines. Some pets are cows. If something is a bovine, then it is domesticated. No domesticated animals are alligators. Ted is an aligator.",Ted is a pet and a cow.,False,"All cows are bovines. Some pets are cows. If something is a bovine, then it is domesticated. No domesticated animals are alligators. Snark is an aligator.",Boroogove is a pet and a cow.,"All cows are bovines.
No domesticated animals are alligators.
Ted is an aligator.
If something is a bovine, then it is domesticated.
Some pets are cows.",False,Uncertain
65,"All cows are bovines. Some pets are cows. If something is a bovine, then it is domesticated. No domesticated animals are alligators. Ted is an aligator.","If Ted is a cow, then Ted is not a pet.",True,"All cows are bovines. Some pets are cows. If something is a bovine, then it is domesticated. No domesticated animals are alligators. Jabberwock is an aligator.","If Snark is a cow, then Snark is not a pet.","Some pets are cows.
If something is a bovine, then it is domesticated.
All cows are bovines.
No domesticated animals are alligators.
Ted is an aligator.",False,True
66,"Yale University is a private Ivy League research university. Yale University moved to New Haven in 1716. Yale university's endowment was valued at $42.3 billion. Yale University has been organized into 27 constituent colleges and schools: the residential colleges, the Yale Graduate School of Arts and Sciences, and twelve professional schools. A list of residential colleges at Yale: Benjamin Franklin College, Berkeley College, Branford College, Davenport College, Ezra Stiles College, Grace Hopper College, Jonathan Edwards College, Morse College, Pauli Murray College, Pierson College, Saybrook College, Silliman College, Timothy Dwight College, and Trumbull College.",A private Ivy League research university moved to New Haven.,True,"Yale University is a private Ivy League research university. Yale University moved to New Haven in 1716. Rath endowment was valued at $42.3 billion. Yale University has been organized into 27 constituent colleges and schools: the residential colleges, Boroogove, and twelve professional schools. A list of residential colleges at Yale: Jubjub, Tumtum, Branford College, Gyre, Snark, Jabberwock, Tweequ, Morse College, Mome, Pierson College, Saybrook College, Silliman College, Bandersnatch, and Trumbull College.",A private Ivy League research university moved to Gyre.,"Yale University moved to New Haven in 1716.
Yale university's endowment was valued at $42.
Yale University has been organized into 27 constituent colleges and schools: the residential colleges, the Yale Graduate School of Arts and Sciences, and twelve professional schools.
3 billion.
Yale University is a private Ivy League research university.
A list of residential colleges at Yale: Benjamin Franklin College, Berkeley College, Branford College, Davenport College, Ezra Stiles College, Grace Hopper College, Jonathan Edwards College, Morse College, Pauli Murray College, Pierson College, Saybrook College, Silliman College, Timothy Dwight College, and Trumbull College.",True,False
67,"Yale University is a private Ivy League research university. Yale University moved to New Haven in 1716. Yale university's endowment was valued at $42.3 billion. Yale University has been organized into 27 constituent colleges and schools: the residential colleges, the Yale Graduate School of Arts and Sciences, and twelve professional schools. A list of residential colleges at Yale: Benjamin Franklin College, Berkeley College, Branford College, Davenport College, Ezra Stiles College, Grace Hopper College, Jonathan Edwards College, Morse College, Pauli Murray College, Pierson College, Saybrook College, Silliman College, Timothy Dwight College, and Trumbull College.",Yale University has the largest university endowment of any educational institution.,Uncertain,"Yale University is a private Ivy League research university. Yale University moved to New Haven in 1716. Jubjub endowment was valued at $42.3 billion. Yale University has been organized into 27 constituent colleges and schools: the residential colleges, Tweequ, and twelve professional schools. A list of residential colleges at Yale: Mome, Jabberwock, Branford College, Bandersnatch, Gyre, Snark, Tumtum, Morse College, Boroogove, Pierson College, Saybrook College, Silliman College, Rath, and Trumbull College.",Gyre has the largest university endowment of any educational institution.,"3 billion.
A list of residential colleges at Yale: Benjamin Franklin College, Berkeley College, Branford College, Davenport College, Ezra Stiles College, Grace Hopper College, Jonathan Edwards College, Morse College, Pauli Murray College, Pierson College, Saybrook College, Silliman College, Timothy Dwight College, and Trumbull College.
Yale University is a private Ivy League research university.
Yale University has been organized into 27 constituent colleges and schools: the residential colleges, the Yale Graduate School of Arts and Sciences, and twelve professional schools.
Yale University moved to New Haven in 1716.
Yale university's endowment was valued at $42.",Uncertain,False
68,"Yale University is a private Ivy League research university. Yale University moved to New Haven in 1716. Yale university's endowment was valued at $42.3 billion. Yale University has been organized into 27 constituent colleges and schools: the residential colleges, the Yale Graduate School of Arts and Sciences, and twelve professional schools. A list of residential colleges at Yale: Benjamin Franklin College, Berkeley College, Branford College, Davenport College, Ezra Stiles College, Grace Hopper College, Jonathan Edwards College, Morse College, Pauli Murray College, Pierson College, Saybrook College, Silliman College, Timothy Dwight College, and Trumbull College.",Pierson College is a residential college at Yale.,True,"Yale University is a private Ivy League research university. Yale University moved to New Haven in 1716. Gyre endowment was valued at $42.3 billion. Yale University has been organized into 27 constituent colleges and schools: the residential colleges, Tweequ, and twelve professional schools. A list of residential colleges at Yale: Bandersnatch, Snark, Branford College, Boroogove, Jubjub, Rath, Tumtum, Morse College, Mome, Pierson College, Saybrook College, Silliman College, Jabberwock, and Trumbull College.",Jabberwock is a residential college at Mome.,"Yale University has been organized into 27 constituent colleges and schools: the residential colleges, the Yale Graduate School of Arts and Sciences, and twelve professional schools.
Yale university's endowment was valued at $42.
3 billion.
A list of residential colleges at Yale: Benjamin Franklin College, Berkeley College, Branford College, Davenport College, Ezra Stiles College, Grace Hopper College, Jonathan Edwards College, Morse College, Pauli Murray College, Pierson College, Saybrook College, Silliman College, Timothy Dwight College, and Trumbull College.
Yale University is a private Ivy League research university.
Yale University moved to New Haven in 1716.",True,False
69,"Badults is a British Sitcom series, starring members of Pappy's. Badults piloted in July 2013 on BBC Three. The Working title ""The Secret Dude Society"" was used for Badults. Andrew Collins was the script editor for Badults","Andrew Collins was the script editor for a series with the working title ""The Secret Dude Society"".",True,"Tweequ is a British Jabberwock series, starring members of Mome's. Tweequ piloted in July 2013 on Boroogove Three. The Bandersnatch title ""The Secret Dude Society"" was used for Tweequ. Snark was the script editor for Tweequ","Gyre was the script editor for a series with the working title ""The Secret Dude Society"".","Andrew Collins was the script editor for Badults.
The Working title ""The Secret Dude Society"" was used for Badults.
Badults piloted in July 2013 on BBC Three.
Badults is a British Sitcom series, starring members of Pappy's.",True,False
70,"Badults is a British Sitcom series, starring members of Pappy's. Badults piloted in July 2013 on BBC Three. The Working title ""The Secret Dude Society"" was used for Badults. Andrew Collins was the script editor for Badults",No members of Pappy's have starred for a show piloting on BBC Two or BBC Three.,False,"Tumtum is a British Rath series, starring members of Jabberwock's. Tumtum piloted in July 2013 on Snark Three. The Mome title ""The Secret Dude Society"" was used for Tumtum. Jubjub was the script editor for Tumtum",No members of Bandersnatch's have starred for a show piloting on Jubjub Two or Boroogove.,"Badults piloted in July 2013 on BBC Three.
The Working title ""The Secret Dude Society"" was used for Badults.
Badults is a British Sitcom series, starring members of Pappy's.
Andrew Collins was the script editor for Badults.",Uncertain,Uncertain
71,"All growth companies’ stocks are volatile. If the stock price is volatile, then it is not suitable for a retirement fund. Some companies’ stocks are growth companies’ stocks. All mature companies’ stocks are suitable for a retirement fund. KO is a mature company’s stock.",KO is a company stock.,Uncertain,"All growth companies’ stocks are volatile. If the stock price is volatile, then it is not suitable for a retirement fund. Some companies’ stocks are growth companies’ stocks. All mature companies’ stocks are suitable for a retirement fund. Mome is a mature company’s stock.",Snark is a company stock.,"All growth companies’ stocks are volatile.
KO is a mature company’s stock.
If the stock price is volatile, then it is not suitable for a retirement fund.
Some companies’ stocks are growth companies’ stocks.
All mature companies’ stocks are suitable for a retirement fund.",True,Uncertain
72,"All growth companies’ stocks are volatile. If the stock price is volatile, then it is not suitable for a retirement fund. Some companies’ stocks are growth companies’ stocks. All mature companies’ stocks are suitable for a retirement fund. KO is a mature company’s stock.",KO is a company stock and a growth company’s stock.,False,"All growth companies’ stocks are volatile. If the stock price is volatile, then it is not suitable for a retirement fund. Some companies’ stocks are growth companies’ stocks. All mature companies’ stocks are suitable for a retirement fund. Snark is a mature company’s stock.",Tweequ is a company stock and a growth company’s stock.,"All mature companies’ stocks are suitable for a retirement fund.
Some companies’ stocks are growth companies’ stocks.
All growth companies’ stocks are volatile.
If the stock price is volatile, then it is not suitable for a retirement fund.
KO is a mature company’s stock.",False,Uncertain
73,"All growth companies’ stocks are volatile. If the stock price is volatile, then it is not suitable for a retirement fund. Some companies’ stocks are growth companies’ stocks. All mature companies’ stocks are suitable for a retirement fund. KO is a mature company’s stock.","If KO is a growth company’s stock or if its price is volatile, then KO is neither a company’s stock nor is its price volatile.",True,"All growth companies’ stocks are volatile. If the stock price is volatile, then it is not suitable for a retirement fund. Some companies’ stocks are growth companies’ stocks. All mature companies’ stocks are suitable for a retirement fund. Mome is a mature company’s stock.","If Gyre is a growth company’s stock or if its price is volatile, then Gyre is neither a company’s stock nor is its price volatile.","All growth companies’ stocks are volatile.
All mature companies’ stocks are suitable for a retirement fund.
If the stock price is volatile, then it is not suitable for a retirement fund.
Some companies’ stocks are growth companies’ stocks.
KO is a mature company’s stock.",False,False
74,"All vehicle registration plates in Istanbul begin with the number 34. Plates that do not begin with the number 34 are not from Istanbul.  Joe's vehicle registration plate is from Istanbul.  Tom's license plate begins with the number 35.  [BG] If a license plate begins with the number 35, then it does not begin with the number 34.",Joe's license plate begins with the number 34.,True,"All vehicle registration plates in Snark begin with the number 34. Plates that do not begin with the number 34 are not from Snark.  Mome's vehicle registration plate is from Snark.  Jubjub's license plate begins with the number 35.  [BG] If a license plate begins with the number 35, then it does not begin with the number 34.",Tweequ's license plate begins with the number 34.,"All vehicle registration plates in Istanbul begin with the number 34.
Plates that do not begin with the number 34 are not from Istanbul.
Tom's license plate begins with the number 35.
[BG] If a license plate begins with the number 35, then it does not begin with the number 34.
Joe's vehicle registration plate is from Istanbul.",True,Uncertain
75,"All vehicle registration plates in Istanbul begin with the number 34. Plates that do not begin with the number 34 are not from Istanbul.  Joe's vehicle registration plate is from Istanbul.  Tom's license plate begins with the number 35.  [BG] If a license plate begins with the number 35, then it does not begin with the number 34.",Tom's license plate is from Istanbul.,False,"All vehicle registration plates in Tumtum begin with the number 34. Plates that do not begin with the number 34 are not from Tumtum.  Snark's vehicle registration plate is from Tumtum.  Jabberwock's license plate begins with the number 35.  [BG] If a license plate begins with the number 35, then it does not begin with the number 34.",Snark's license plate is from Mome.,"All vehicle registration plates in Istanbul begin with the number 34.
Plates that do not begin with the number 34 are not from Istanbul.
Joe's vehicle registration plate is from Istanbul.
Tom's license plate begins with the number 35.
[BG] If a license plate begins with the number 35, then it does not begin with the number 34.",False,False
76,"If people work in student jobs on campus, then they need to earn money to help pay for their college tuition. If people order takeout frequently in college, then they work in student jobs on campus. People either order takeout frequently in college or enjoy the dining hall meals and recipes. If people enjoy the dining hall meals and recipes, then they are not picky eaters. If people enjoy the dining hall meals and recipes, then they spend a lot of their time eating and catching up with friends in the campus dining halls. If Mary works in student jobs on campus and needs to earn money to help pay for her college tuition, then Mary is neither picky nor needs to earn money to help pay for her college tuition.",Mary needs to earn money to help pay for her college tuition.,Uncertain,"If people work in student jobs on campus, then they need to earn money to help pay for their college tuition. If people order takeout frequently in college, then they work in student jobs on campus. People either order takeout frequently in college or enjoy the dining hall meals and recipes. If people enjoy the dining hall meals and recipes, then they are not picky eaters. If people enjoy the dining hall meals and recipes, then they spend a lot of their time eating and catching up with friends in the campus dining halls. If Tumtum works in student jobs on campus and needs to earn money to help pay for her college tuition, then Tumtum is neither picky nor needs to earn money to help pay for her college tuition.",Boroogove needs to earn money to help pay for her college tuition.,"If Mary works in student jobs on campus and needs to earn money to help pay for her college tuition, then Mary is neither picky nor needs to earn money to help pay for her college tuition.
If people order takeout frequently in college, then they work in student jobs on campus.
If people enjoy the dining hall meals and recipes, then they spend a lot of their time eating and catching up with friends in the campus dining halls.
If people work in student jobs on campus, then they need to earn money to help pay for their college tuition.
People either order takeout frequently in college or enjoy the dining hall meals and recipes.
If people enjoy the dining hall meals and recipes, then they are not picky eaters.",True,Uncertain
77,"If people work in student jobs on campus, then they need to earn money to help pay for their college tuition. If people order takeout frequently in college, then they work in student jobs on campus. People either order takeout frequently in college or enjoy the dining hall meals and recipes. If people enjoy the dining hall meals and recipes, then they are not picky eaters. If people enjoy the dining hall meals and recipes, then they spend a lot of their time eating and catching up with friends in the campus dining halls. If Mary works in student jobs on campus and needs to earn money to help pay for her college tuition, then Mary is neither picky nor needs to earn money to help pay for her college tuition.",Mary is not a picky eater and spends a lot of her time eating and catching up with friends in the campus dining halls.,True,"If people work in student jobs on campus, then they need to earn money to help pay for their college tuition. If people order takeout frequently in college, then they work in student jobs on campus. People either order takeout frequently in college or enjoy the dining hall meals and recipes. If people enjoy the dining hall meals and recipes, then they are not picky eaters. If people enjoy the dining hall meals and recipes, then they spend a lot of their time eating and catching up with friends in the campus dining halls. If Gyre works in student jobs on campus and needs to earn money to help pay for her college tuition, then Gyre is neither picky nor needs to earn money to help pay for her college tuition.",Boroogove is not a picky eater and spends a lot of her time eating and catching up with friends in the campus dining halls.,"If people enjoy the dining hall meals and recipes, then they spend a lot of their time eating and catching up with friends in the campus dining halls.
If people enjoy the dining hall meals and recipes, then they are not picky eaters.
If people order takeout frequently in college, then they work in student jobs on campus.
If people work in student jobs on campus, then they need to earn money to help pay for their college tuition.
If Mary works in student jobs on campus and needs to earn money to help pay for her college tuition, then Mary is neither picky nor needs to earn money to help pay for her college tuition.
People either order takeout frequently in college or enjoy the dining hall meals and recipes.",False,Uncertain
78,"If people work in student jobs on campus, then they need to earn money to help pay for their college tuition. If people order takeout frequently in college, then they work in student jobs on campus. People either order takeout frequently in college or enjoy the dining hall meals and recipes. If people enjoy the dining hall meals and recipes, then they are not picky eaters. If people enjoy the dining hall meals and recipes, then they spend a lot of their time eating and catching up with friends in the campus dining halls. If Mary works in student jobs on campus and needs to earn money to help pay for her college tuition, then Mary is neither picky nor needs to earn money to help pay for her college tuition.","Mary either is not a picky eater or, if she is, then she spends a lot of her time eating and catching up with friends in the campus dining halls.",False,"If people work in student jobs on campus, then they need to earn money to help pay for their college tuition. If people order takeout frequently in college, then they work in student jobs on campus. People either order takeout frequently in college or enjoy the dining hall meals and recipes. If people enjoy the dining hall meals and recipes, then they are not picky eaters. If people enjoy the dining hall meals and recipes, then they spend a lot of their time eating and catching up with friends in the campus dining halls. If Boroogove works in student jobs on campus and needs to earn money to help pay for her college tuition, then Boroogove is neither picky nor needs to earn money to help pay for her college tuition.","Jubjub either is not a picky eater or, if she is, then she spends a lot of her time eating and catching up with friends in the campus dining halls.","People either order takeout frequently in college or enjoy the dining hall meals and recipes.
If people enjoy the dining hall meals and recipes, then they spend a lot of their time eating and catching up with friends in the campus dining halls.
If people enjoy the dining hall meals and recipes, then they are not picky eaters.
If people work in student jobs on campus, then they need to earn money to help pay for their college tuition.
If people order takeout frequently in college, then they work in student jobs on campus.
If Mary works in student jobs on campus and needs to earn money to help pay for her college tuition, then Mary is neither picky nor needs to earn money to help pay for her college tuition.",True,True
79,"No bakery is spicy. All cupcakes are bakeries. All hotpots are spicy. All products of Baked by Melissa are cupcakes. If dried Thai chilies are spicy or a bakery, then dried Thai chilies are a hotpot or are spicy.",Dried Thai chilies are a product of Baked by Melissa.,False,"No bakery is spicy. All cupcakes are bakeries. All hotpots are spicy. All products of Boroogove by Mome are cupcakes. If dried Thai chilies are spicy or a bakery, then dried Thai chilies are a hotpot or are spicy.",Dried Thai chilies are a product of Mome by Jabberwock.,"All cupcakes are bakeries.
No bakery is spicy.
All hotpots are spicy.
All products of Baked by Melissa are cupcakes.
If dried Thai chilies are spicy or a bakery, then dried Thai chilies are a hotpot or are spicy.",Uncertain,False
80,"No bakery is spicy. All cupcakes are bakeries. All hotpots are spicy. All products of Baked by Melissa are cupcakes. If dried Thai chilies are spicy or a bakery, then dried Thai chilies are a hotpot or are spicy.",Dried Thai chilies are not a product of Baked by Melissa.,True,"No bakery is spicy. All cupcakes are bakeries. All hotpots are spicy. All products of Snark by Rath are cupcakes. If dried Thai chilies are spicy or a bakery, then dried Thai chilies are a hotpot or are spicy.",Dried Thai chilies are not a product of Jabberwock by Rath.,"All hotpots are spicy.
All cupcakes are bakeries.
If dried Thai chilies are spicy or a bakery, then dried Thai chilies are a hotpot or are spicy.
No bakery is spicy.
All products of Baked by Melissa are cupcakes.",True,True
81,"No bakery is spicy. All cupcakes are bakeries. All hotpots are spicy. All products of Baked by Melissa are cupcakes. If dried Thai chilies are spicy or a bakery, then dried Thai chilies are a hotpot or are spicy.",Dried Thai chilies are a hotpot.,Uncertain,"No bakery is spicy. All cupcakes are bakeries. All hotpots are spicy. All products of Bandersnatch by Tumtum are cupcakes. If dried Thai chilies are spicy or a bakery, then dried Thai chilies are a hotpot or are spicy.",Dried Thai chilies are a hotpot.,"No bakery is spicy.
All products of Baked by Melissa are cupcakes.
All hotpots are spicy.
If dried Thai chilies are spicy or a bakery, then dried Thai chilies are a hotpot or are spicy.
All cupcakes are bakeries.",False,False
82,"No bakery is spicy. All cupcakes are bakeries. All hotpots are spicy. All products of Baked by Melissa are cupcakes. If dried Thai chilies are spicy or a bakery, then dried Thai chilies are a hotpot or are spicy.",Dried Thai chilies are neither a product of Baked by Melissa nor a bakery.,True,"No bakery is spicy. All cupcakes are bakeries. All hotpots are spicy. All products of Jabberwock by Gyre are cupcakes. If dried Thai chilies are spicy or a bakery, then dried Thai chilies are a hotpot or are spicy.",Dried Thai chilies are neither a product of Jabberwock by Bandersnatch nor a bakery.,"No bakery is spicy.
All hotpots are spicy.
All products of Baked by Melissa are cupcakes.
If dried Thai chilies are spicy or a bakery, then dried Thai chilies are a hotpot or are spicy.
All cupcakes are bakeries.",True,True
83,"No bakery is spicy. All cupcakes are bakeries. All hotpots are spicy. All products of Baked by Melissa are cupcakes. If dried Thai chilies are spicy or a bakery, then dried Thai chilies are a hotpot or are spicy.",Dried Thai chilies are cupcakes and a product of Baked by Melissa.,False,"No bakery is spicy. All cupcakes are bakeries. All hotpots are spicy. All products of Tumtum by Snark are cupcakes. If dried Thai chilies are spicy or a bakery, then dried Thai chilies are a hotpot or are spicy.",Dried Thai chilies are cupcakes and a product of Bandersnatch by Snark.,"All cupcakes are bakeries.
All hotpots are spicy.
If dried Thai chilies are spicy or a bakery, then dried Thai chilies are a hotpot or are spicy.
All products of Baked by Melissa are cupcakes.
No bakery is spicy.",False,False
84,"If the restaurant is listed in Yelp’s recommendations, then the restaurant does not receive many negative reviews. All restaurants with a rating greater than 9 are listed in Yelp’s recommendations. Some restaurants that do not provide take-out service receive many negative reviews. All restaurants that are popular among local residents have ratings greater than 9. Subway has a rating greater than 9 or is popular among local residents.","If Subway provides take-out service and receives many negative reviews, then its rating is greater than 9 and it does not provide take-out service.",Uncertain,"If the restaurant is listed in Tweequ’s recommendations, then the restaurant does not receive many negative reviews. All restaurants with a rating greater than 9 are listed in Tweequ’s recommendations. Some restaurants that do not provide take-out service receive many negative reviews. All restaurants that are popular among local residents have ratings greater than 9. Tumtum has a rating greater than 9 or is popular among local residents.","If Tweequ provides take-out service and receives many negative reviews, then its rating is greater than 9 and it does not provide take-out service.","Some restaurants that do not provide take-out service receive many negative reviews.
If the restaurant is listed in Yelp’s recommendations, then the restaurant does not receive many negative reviews.
All restaurants with a rating greater than 9 are listed in Yelp’s recommendations.
Subway has a rating greater than 9 or is popular among local residents.
All restaurants that are popular among local residents have ratings greater than 9.",False,False
85,"If the restaurant is listed in Yelp’s recommendations, then the restaurant does not receive many negative reviews. All restaurants with a rating greater than 9 are listed in Yelp’s recommendations. Some restaurants that do not provide take-out service receive many negative reviews. All restaurants that are popular among local residents have ratings greater than 9. Subway has a rating greater than 9 or is popular among local residents.",Subway provides take-out service and does not receive many negative reviews.,True,"If the restaurant is listed in Jabberwock’s recommendations, then the restaurant does not receive many negative reviews. All restaurants with a rating greater than 9 are listed in Jabberwock’s recommendations. Some restaurants that do not provide take-out service receive many negative reviews. All restaurants that are popular among local residents have ratings greater than 9. Bandersnatch has a rating greater than 9 or is popular among local residents.",Boroogove provides take-out service and does not receive many negative reviews.,"All restaurants with a rating greater than 9 are listed in Yelp’s recommendations.
Subway has a rating greater than 9 or is popular among local residents.
If the restaurant is listed in Yelp’s recommendations, then the restaurant does not receive many negative reviews.
All restaurants that are popular among local residents have ratings greater than 9.
Some restaurants that do not provide take-out service receive many negative reviews.",Uncertain,Uncertain
86,"If the restaurant is listed in Yelp’s recommendations, then the restaurant does not receive many negative reviews. All restaurants with a rating greater than 9 are listed in Yelp’s recommendations. Some restaurants that do not provide take-out service receive many negative reviews. All restaurants that are popular among local residents have ratings greater than 9. Subway has a rating greater than 9 or is popular among local residents.",Subway does not provide take-out service.,False,"If the restaurant is listed in Boroogove’s recommendations, then the restaurant does not receive many negative reviews. All restaurants with a rating greater than 9 are listed in Boroogove’s recommendations. Some restaurants that do not provide take-out service receive many negative reviews. All restaurants that are popular among local residents have ratings greater than 9. Jubjub has a rating greater than 9 or is popular among local residents.",Jabberwock does not provide take-out service.,"Subway has a rating greater than 9 or is popular among local residents.
If the restaurant is listed in Yelp’s recommendations, then the restaurant does not receive many negative reviews.
All restaurants that are popular among local residents have ratings greater than 9.
All restaurants with a rating greater than 9 are listed in Yelp’s recommendations.
Some restaurants that do not provide take-out service receive many negative reviews.",Uncertain,Uncertain
87,"In superhero movies, the good guys always win. The Surprising Adventures of Sir Digby Chicken Caesar is a superhero movie. Good guys fight bad guys and vice versa. Sir Digby fights his nemesis. If a superhero movie is named after a character, that character is a good guy. The Surprising Adventures of Sir Digby Chicken Caesar is named after Sir Digby. If somebody wins a fight, the person they are fighting loses. If a superhero movie is named after a character, that character appears in the movie.",Sir Digby’s nemesis loses.,True,"In superhero movies, the good guys always win. Gyre of Sir Tweequ is a superhero movie. Good guys fight bad guys and vice versa. Sir Tumtum fights his nemesis. If a superhero movie is named after a character, that character is a good guy. Gyre of Sir Tweequ is named after Sir Tumtum. If somebody wins a fight, the person they are fighting loses. If a superhero movie is named after a character, that character appears in the movie.",Sir Jubjub’s nemesis loses.,"Good guys fight bad guys and vice versa.
If somebody wins a fight, the person they are fighting loses.
The Surprising Adventures of Sir Digby Chicken Caesar is named after Sir Digby.
If a superhero movie is named after a character, that character appears in the movie.
In superhero movies, the good guys always win.
If a superhero movie is named after a character, that character is a good guy.
Sir Digby fights his nemesis.
The Surprising Adventures of Sir Digby Chicken Caesar is a superhero movie.",True,Uncertain
88,"[BG] Books contain tons of knowledge. [BG] When a person reads a book, that person gains knowledge.  [BG] If a person gains knowledge, they become smarter. Harry read the book “Walden” by Henry Thoreau.",Walden contains knowledge.,True,"[BG] Books contain tons of knowledge. [BG] When a person reads a book, that person gains knowledge.  [BG] If a person gains knowledge, they become smarter. Rath read the book “Walden” by Tweequ.",Walden contains knowledge.,"[BG] If a person gains knowledge, they become smarter.
[BG] Books contain tons of knowledge.
Harry read the book “Walden” by Henry Thoreau.
[BG] When a person reads a book, that person gains knowledge.",True,True
89,"[BG] Books contain tons of knowledge. [BG] When a person reads a book, that person gains knowledge.  [BG] If a person gains knowledge, they become smarter. Harry read the book “Walden” by Henry Thoreau.",Harry is smarter than before.,True,"[BG] Books contain tons of knowledge. [BG] When a person reads a book, that person gains knowledge.  [BG] If a person gains knowledge, they become smarter. Rath read the book “Walden” by Boroogove.",Bandersnatch is smarter than before.,"Harry read the book “Walden” by Henry Thoreau.
[BG] When a person reads a book, that person gains knowledge.
[BG] Books contain tons of knowledge.
[BG] If a person gains knowledge, they become smarter.",Uncertain,Uncertain
90,"[BG] Books contain tons of knowledge. [BG] When a person reads a book, that person gains knowledge.  [BG] If a person gains knowledge, they become smarter. Harry read the book “Walden” by Henry Thoreau.",A person who is smarter has gained knowledge.,Uncertain,"[BG] Books contain tons of knowledge. [BG] When a person reads a book, that person gains knowledge.  [BG] If a person gains knowledge, they become smarter. Jubjub read the book “Walden” by Gyre.",A person who is smarter has gained knowledge.,"[BG] Books contain tons of knowledge.
[BG] When a person reads a book, that person gains knowledge.
[BG] If a person gains knowledge, they become smarter.
Harry read the book “Walden” by Henry Thoreau.",True,True
91,"Natural language processing tasks can be categorized as either language generation task or language understanding task. If the output of a natural language processing task is a text sequence, then it is a language generation task. Machine translation is a natural language processing task. The output of machine translation is a text sequence.",Machine translation is a language generation task.,True,"Natural language processing tasks can be categorized as either language generation task or language understanding task. If the output of a natural language processing task is a text sequence, then it is a language generation task. Machine translation is a natural language processing task. The output of machine translation is a text sequence.",Machine translation is a language generation task.,"The output of machine translation is a text sequence.
Natural language processing tasks can be categorized as either language generation task or language understanding task.
If the output of a natural language processing task is a text sequence, then it is a language generation task.
Machine translation is a natural language processing task.",True,True
92,"Natural language processing tasks can be categorized as either language generation task or language understanding task. If the output of a natural language processing task is a text sequence, then it is a language generation task. Machine translation is a natural language processing task. The output of machine translation is a text sequence.",Machine translation is a language understanding task.,False,"Natural language processing tasks can be categorized as either language generation task or language understanding task. If the output of a natural language processing task is a text sequence, then it is a language generation task. Machine translation is a natural language processing task. The output of machine translation is a text sequence.",Machine translation is a language understanding task.,"If the output of a natural language processing task is a text sequence, then it is a language generation task.
Machine translation is a natural language processing task.
Natural language processing tasks can be categorized as either language generation task or language understanding task.
The output of machine translation is a text sequence.",False,False
93,"Pets are allowed in some managed buildings. [BG] A deposit is required to rent an apartment in a managed building. The security deposit can be either equal to one month's rent or more. Fluffy is Tom's cat. Cats are pets. The Olive Garden is a managed building. The monthly rent at the Olive Garden is $2000. Tom will rent an apartment in a managed building if and only if he is allowed to move in with Fluffy, and the security deposit is no more than $1500. 2000$ is more than $1500.",Tom will rent an apartment in The Olive Garden.,False,"Pets are allowed in some managed buildings. [BG] A deposit is required to rent an apartment in a managed building. The security deposit can be either equal to one month's rent or more. Rath is Jubjub's cat. Cats are pets. The Olive Garden is a managed building. The monthly rent at the Olive Garden is $2000. Jubjub will rent an apartment in a managed building if and only if he is allowed to move in with Rath, and the security deposit is no more than $1500. 2000$ is more than $1500.",Tumtum will rent an apartment in The Olive Garden.,"The monthly rent at the Olive Garden is $2000.
The security deposit can be either equal to one month's rent or more.
Fluffy is Tom's cat.
[BG] A deposit is required to rent an apartment in a managed building.
Cats are pets.
Pets are allowed in some managed buildings.
Tom will rent an apartment in a managed building if and only if he is allowed to move in with Fluffy, and the security deposit is no more than $1500.
The Olive Garden is a managed building.
2000$ is more than $1500.",False,Uncertain
94,"Pets are allowed in some managed buildings. [BG] A deposit is required to rent an apartment in a managed building. The security deposit can be either equal to one month's rent or more. Fluffy is Tom's cat. Cats are pets. The Olive Garden is a managed building. The monthly rent at the Olive Garden is $2000. Tom will rent an apartment in a managed building if and only if he is allowed to move in with Fluffy, and the security deposit is no more than $1500. 2000$ is more than $1500.",Tom is allowed to move in an apartment in The Olive Garden with Fluffy.,Uncertain,"Pets are allowed in some managed buildings. [BG] A deposit is required to rent an apartment in a managed building. The security deposit can be either equal to one month's rent or more. Rath is Tumtum's cat. Cats are pets. The Olive Garden is a managed building. The monthly rent at the Olive Garden is $2000. Tumtum will rent an apartment in a managed building if and only if he is allowed to move in with Rath, and the security deposit is no more than $1500. 2000$ is more than $1500.",Snark is allowed to move in an apartment in The Olive Garden with Fluffy.,"The Olive Garden is a managed building.
Cats are pets.
[BG] A deposit is required to rent an apartment in a managed building.
2000$ is more than $1500.
The security deposit can be either equal to one month's rent or more.
Tom will rent an apartment in a managed building if and only if he is allowed to move in with Fluffy, and the security deposit is no more than $1500.
Pets are allowed in some managed buildings.
Fluffy is Tom's cat.
The monthly rent at the Olive Garden is $2000.",False,False
95,"Pets are allowed in some managed buildings. [BG] A deposit is required to rent an apartment in a managed building. The security deposit can be either equal to one month's rent or more. Fluffy is Tom's cat. Cats are pets. The Olive Garden is a managed building. The monthly rent at the Olive Garden is $2000. Tom will rent an apartment in a managed building if and only if he is allowed to move in with Fluffy, and the security deposit is no more than $1500. 2000$ is more than $1500.",The security deposit at the Olive Garden is either $2000 or more.,True,"Pets are allowed in some managed buildings. [BG] A deposit is required to rent an apartment in a managed building. The security deposit can be either equal to one month's rent or more. Boroogove is Snark's cat. Cats are pets. The Olive Garden is a managed building. The monthly rent at the Olive Garden is $2000. Snark will rent an apartment in a managed building if and only if he is allowed to move in with Boroogove, and the security deposit is no more than $1500. 2000$ is more than $1500.",The security deposit at the Olive Garden is either $2000 or more.,"Pets are allowed in some managed buildings.
2000$ is more than $1500.
[BG] A deposit is required to rent an apartment in a managed building.
Tom will rent an apartment in a managed building if and only if he is allowed to move in with Fluffy, and the security deposit is no more than $1500.
The security deposit can be either equal to one month's rent or more.
The monthly rent at the Olive Garden is $2000.
The Olive Garden is a managed building.
Fluffy is Tom's cat.
Cats are pets.",True,True
96,"If animals are loved by tourists, then they are Max's favorite animals.  All animals from Australia are loved by tourists.  All quokka are animals from Australia.  All of Max's favorite animals are very fluffy. All of Max's favorite animals love to sleep.  If a koala is very fluffy, then the koala is not a quokka.",Koalas love to sleep.,Uncertain,"If animals are loved by tourists, then they are Mome's favorite animals.  All animals from Boroogove are loved by tourists.  All quokka are animals from Boroogove.  All of Mome's favorite animals are very fluffy. All of Mome's favorite animals love to sleep.  If a Gyre is very fluffy, then the Gyre is not a quokka.",Gyre love to sleep.,"All quokka are animals from Australia.
All of Max's favorite animals are very fluffy.
All of Max's favorite animals love to sleep.
If a koala is very fluffy, then the koala is not a quokka.
If animals are loved by tourists, then they are Max's favorite animals.
All animals from Australia are loved by tourists.",True,True
97,"If animals are loved by tourists, then they are Max's favorite animals.  All animals from Australia are loved by tourists.  All quokka are animals from Australia.  All of Max's favorite animals are very fluffy. All of Max's favorite animals love to sleep.  If a koala is very fluffy, then the koala is not a quokka.",Koalas love to sleep and are quokka.,False,"If animals are loved by tourists, then they are Jubjub's favorite animals.  All animals from Tweequ are loved by tourists.  All quokka are animals from Tweequ.  All of Jubjub's favorite animals are very fluffy. All of Jubjub's favorite animals love to sleep.  If a Gyre is very fluffy, then the Gyre is not a quokka.",Jabberwock love to sleep and are quokka.,"All of Max's favorite animals love to sleep.
If animals are loved by tourists, then they are Max's favorite animals.
All animals from Australia are loved by tourists.
All quokka are animals from Australia.
All of Max's favorite animals are very fluffy.
If a koala is very fluffy, then the koala is not a quokka.",False,False
98,"If animals are loved by tourists, then they are Max's favorite animals.  All animals from Australia are loved by tourists.  All quokka are animals from Australia.  All of Max's favorite animals are very fluffy. All of Max's favorite animals love to sleep.  If a koala is very fluffy, then the koala is not a quokka.","If a koala is a quokka, then the koala either loves to sleep or is very fluffy.",True,"If animals are loved by tourists, then they are Snark's favorite animals.  All animals from Tweequ are loved by tourists.  All quokka are animals from Tweequ.  All of Snark's favorite animals are very fluffy. All of Snark's favorite animals love to sleep.  If a Boroogove is very fluffy, then the Boroogove is not a quokka.","If a Gyre is a quokka, then the Gyre either loves to sleep or is very fluffy.","If a koala is very fluffy, then the koala is not a quokka.
All animals from Australia are loved by tourists.
All of Max's favorite animals are very fluffy.
If animals are loved by tourists, then they are Max's favorite animals.
All of Max's favorite animals love to sleep.
All quokka are animals from Australia.",False,Uncertain
99,A man is either kind or evil. No ugly person is handsome. All evil people are ugly. All gentlemen are handsome. All CEOs are gentlemen. Harry is a gentleman.,Harry is a CEO.,Uncertain,A man is either kind or evil. No ugly person is handsome. All evil people are ugly. All gentlemen are handsome. All CEOs are gentlemen. Rath is a gentleman.,Tumtum is a CEO.,"A man is either kind or evil.
All gentlemen are handsome.
Harry is a gentleman.
All CEOs are gentlemen.
All evil people are ugly.
No ugly person is handsome.",Uncertain,Uncertain
100,A man is either kind or evil. No ugly person is handsome. All evil people are ugly. All gentlemen are handsome. All CEOs are gentlemen. Harry is a gentleman.,Harry is kind or a CEO.,True,A man is either kind or evil. No ugly person is handsome. All evil people are ugly. All gentlemen are handsome. All CEOs are gentlemen. Bandersnatch is a gentleman.,Boroogove is kind or a CEO.,"Harry is a gentleman.
All evil people are ugly.
All gentlemen are handsome.
All CEOs are gentlemen.
A man is either kind or evil.
No ugly person is handsome.",True,Uncertain
101,A man is either kind or evil. No ugly person is handsome. All evil people are ugly. All gentlemen are handsome. All CEOs are gentlemen. Harry is a gentleman.,"If Harry is either both evil and ugly, or neither evil nor ugly, then Harry is neither kind nor a CEO.",False,A man is either kind or evil. No ugly person is handsome. All evil people are ugly. All gentlemen are handsome. All CEOs are gentlemen. Gyre is a gentleman.,"If Bandersnatch is either both evil and ugly, or neither evil nor ugly, then Bandersnatch is neither kind nor a CEO.","All CEOs are gentlemen.
Harry is a gentleman.
All evil people are ugly.
No ugly person is handsome.
A man is either kind or evil.
All gentlemen are handsome.",True,Uncertain
102,"If people are twins or triplets, then they spend a lot of time hanging out with and playing with their siblings. If people have siblings who are the same age, then they are twins or triplets. If people complain often about annoying siblings, then they have siblings who are the same age. If people do not live at home regularly, then they do not develop strong bonds with their family members. If people spend a lot of time hanging out with and playing with their siblings, then they often did not live at home regularly. Luke is either both a twin or triplet and develops strong bonds with his family members, or he neither is a twin or triplet nor develops strong bonds with his family members.   ",Luke spends a lot of time hanging out and playing with his siblings.,Uncertain,"If people are twins or triplets, then they spend a lot of time hanging out with and playing with their siblings. If people have siblings who are the same age, then they are twins or triplets. If people complain often about annoying siblings, then they have siblings who are the same age. If people do not live at home regularly, then they do not develop strong bonds with their family members. If people spend a lot of time hanging out with and playing with their siblings, then they often did not live at home regularly. Rath is either both a twin or triplet and develops strong bonds with his family members, or he neither is a twin or triplet nor develops strong bonds with his family members.   ",Jubjub spends a lot of time hanging out and playing with his siblings.,"If people spend a lot of time hanging out with and playing with their siblings, then they often did not live at home regularly.
If people complain often about annoying siblings, then they have siblings who are the same age.
If people are twins or triplets, then they spend a lot of time hanging out with and playing with their siblings.
If people do not live at home regularly, then they do not develop strong bonds with their family members.
Luke is either both a twin or triplet and develops strong bonds with his family members, or he neither is a twin or triplet nor develops strong bonds with his family members.
If people have siblings who are the same age, then they are twins or triplets.",Uncertain,Uncertain
103,"If people are twins or triplets, then they spend a lot of time hanging out with and playing with their siblings. If people have siblings who are the same age, then they are twins or triplets. If people complain often about annoying siblings, then they have siblings who are the same age. If people do not live at home regularly, then they do not develop strong bonds with their family members. If people spend a lot of time hanging out with and playing with their siblings, then they often did not live at home regularly. Luke is either both a twin or triplet and develops strong bonds with his family members, or he neither is a twin or triplet nor develops strong bonds with his family members.   ",Luke complains often about annoying siblings.,False,"If people are twins or triplets, then they spend a lot of time hanging out with and playing with their siblings. If people have siblings who are the same age, then they are twins or triplets. If people complain often about annoying siblings, then they have siblings who are the same age. If people do not live at home regularly, then they do not develop strong bonds with their family members. If people spend a lot of time hanging out with and playing with their siblings, then they often did not live at home regularly. Tumtum is either both a twin or triplet and develops strong bonds with his family members, or he neither is a twin or triplet nor develops strong bonds with his family members.   ",Jubjub complains often about annoying siblings.,"If people are twins or triplets, then they spend a lot of time hanging out with and playing with their siblings.
If people spend a lot of time hanging out with and playing with their siblings, then they often did not live at home regularly.
If people do not live at home regularly, then they do not develop strong bonds with their family members.
If people have siblings who are the same age, then they are twins or triplets.
Luke is either both a twin or triplet and develops strong bonds with his family members, or he neither is a twin or triplet nor develops strong bonds with his family members.
If people complain often about annoying siblings, then they have siblings who are the same age.",False,Uncertain
104,"If people are twins or triplets, then they spend a lot of time hanging out with and playing with their siblings. If people have siblings who are the same age, then they are twins or triplets. If people complain often about annoying siblings, then they have siblings who are the same age. If people do not live at home regularly, then they do not develop strong bonds with their family members. If people spend a lot of time hanging out with and playing with their siblings, then they often did not live at home regularly. Luke is either both a twin or triplet and develops strong bonds with his family members, or he neither is a twin or triplet nor develops strong bonds with his family members.   ",Luke is neither a twin nor triplet nor complains often about annoying siblings.,True,"If people are twins or triplets, then they spend a lot of time hanging out with and playing with their siblings. If people have siblings who are the same age, then they are twins or triplets. If people complain often about annoying siblings, then they have siblings who are the same age. If people do not live at home regularly, then they do not develop strong bonds with their family members. If people spend a lot of time hanging out with and playing with their siblings, then they often did not live at home regularly. Jabberwock is either both a twin or triplet and develops strong bonds with his family members, or he neither is a twin or triplet nor develops strong bonds with his family members.   ",Gyre is neither a twin nor triplet nor complains often about annoying siblings.,"If people do not live at home regularly, then they do not develop strong bonds with their family members.
Luke is either both a twin or triplet and develops strong bonds with his family members, or he neither is a twin or triplet nor develops strong bonds with his family members.
If people complain often about annoying siblings, then they have siblings who are the same age.
If people spend a lot of time hanging out with and playing with their siblings, then they often did not live at home regularly.
If people have siblings who are the same age, then they are twins or triplets.
If people are twins or triplets, then they spend a lot of time hanging out with and playing with their siblings.",True,Uncertain
105,It costs US $205 to take the GRE test. ETS provides financial aid to those GRE applicants who prove economic hardship. Economic hardship refers to difficulty caused by having too little money or too few resources. Tom lives in a single-parent family. His dad has been out of work for more than a year.,Tom can apply for financial aid from ETS to take the GRE test.,True,It costs Jabberwock $205 to take the Rath test. ETS provides financial aid to those Rath applicants who prove economic hardship. Economic hardship refers to difficulty caused by having too little money or too few resources. Jubjub lives in a single-parent family. His dad has been out of work for more than a year.,Rath can apply for financial aid from ETS to take the Boroogove test.,"It costs US $205 to take the GRE test.
Tom lives in a single-parent family.
His dad has been out of work for more than a year.
Economic hardship refers to difficulty caused by having too little money or too few resources.
ETS provides financial aid to those GRE applicants who prove economic hardship.",Uncertain,Uncertain
106,It costs US $205 to take the GRE test. ETS provides financial aid to those GRE applicants who prove economic hardship. Economic hardship refers to difficulty caused by having too little money or too few resources. Tom lives in a single-parent family. His dad has been out of work for more than a year.,It cost below US $300 to take the GRE test.,True,It costs Boroogove $205 to take the Jubjub test. ETS provides financial aid to those Jubjub applicants who prove economic hardship. Economic hardship refers to difficulty caused by having too little money or too few resources. Tweequ lives in a single-parent family. His dad has been out of work for more than a year.,It cost below Boroogove $300 to take the Tweequ test.,"His dad has been out of work for more than a year.
Tom lives in a single-parent family.
Economic hardship refers to difficulty caused by having too little money or too few resources.
ETS provides financial aid to those GRE applicants who prove economic hardship.
It costs US $205 to take the GRE test.",True,Uncertain
107,It costs US $205 to take the GRE test. ETS provides financial aid to those GRE applicants who prove economic hardship. Economic hardship refers to difficulty caused by having too little money or too few resources. Tom lives in a single-parent family. His dad has been out of work for more than a year.,There is no financial aid available for the GRE test.,False,It costs Mome $205 to take the Jabberwock test. ETS provides financial aid to those Jabberwock applicants who prove economic hardship. Economic hardship refers to difficulty caused by having too little money or too few resources. Boroogove lives in a single-parent family. His dad has been out of work for more than a year.,There is no financial aid available for the Tweequ test.,"Economic hardship refers to difficulty caused by having too little money or too few resources.
ETS provides financial aid to those GRE applicants who prove economic hardship.
It costs US $205 to take the GRE test.
His dad has been out of work for more than a year.
Tom lives in a single-parent family.",False,Uncertain
108,"If people spill a lot of food on their clothing, then they do not tidy their spaces consistently and enjoy the process of cleaning. All foodies who go out frequently to find new food restaurants to try are people who spill a lot of food on their clothing. If people grew up as only children with no siblings, then they tidy their spaces consistently and enjoy the process of cleaning. If people have parents who are very busy with their regular jobs, then they grew up as only children with no siblings. All households with a high net income have people who have parents who are very busy with their regular jobs. Peter is either both a person who spills a lot of food on his clothing and grew up as an only child with no siblings, or he is neither a person who spills a lot of food on his clothing nor grew up as an only child with no siblings. ",Peter tidies his space consistently and enjoys the process of cleaning.,Uncertain,"If people spill a lot of food on their clothing, then they do not tidy their spaces consistently and enjoy the process of cleaning. All foodies who go out frequently to find new food restaurants to try are people who spill a lot of food on their clothing. If people grew up as only children with no siblings, then they tidy their spaces consistently and enjoy the process of cleaning. If people have parents who are very busy with their regular jobs, then they grew up as only children with no siblings. All households with a high net income have people who have parents who are very busy with their regular jobs. Jubjub is either both a person who spills a lot of food on his clothing and grew up as an only child with no siblings, or he is neither a person who spills a lot of food on his clothing nor grew up as an only child with no siblings. ",Jabberwock tidies his space consistently and enjoys the process of cleaning.,"All households with a high net income have people who have parents who are very busy with their regular jobs.
Peter is either both a person who spills a lot of food on his clothing and grew up as an only child with no siblings, or he is neither a person who spills a lot of food on his clothing nor grew up as an only child with no siblings.
All foodies who go out frequently to find new food restaurants to try are people who spill a lot of food on their clothing.
If people grew up as only children with no siblings, then they tidy their spaces consistently and enjoy the process of cleaning.
If people spill a lot of food on their clothing, then they do not tidy their spaces consistently and enjoy the process of cleaning.
If people have parents who are very busy with their regular jobs, then they grew up as only children with no siblings.",Uncertain,Uncertain
109,"If people spill a lot of food on their clothing, then they do not tidy their spaces consistently and enjoy the process of cleaning. All foodies who go out frequently to find new food restaurants to try are people who spill a lot of food on their clothing. If people grew up as only children with no siblings, then they tidy their spaces consistently and enjoy the process of cleaning. If people have parents who are very busy with their regular jobs, then they grew up as only children with no siblings. All households with a high net income have people who have parents who are very busy with their regular jobs. Peter is either both a person who spills a lot of food on his clothing and grew up as an only child with no siblings, or he is neither a person who spills a lot of food on his clothing nor grew up as an only child with no siblings. ",Peter is either a foodie who goes out frequently to find new food restaurants to try or belongs to a household with a high net income.,False,"If people spill a lot of food on their clothing, then they do not tidy their spaces consistently and enjoy the process of cleaning. All foodies who go out frequently to find new food restaurants to try are people who spill a lot of food on their clothing. If people grew up as only children with no siblings, then they tidy their spaces consistently and enjoy the process of cleaning. If people have parents who are very busy with their regular jobs, then they grew up as only children with no siblings. All households with a high net income have people who have parents who are very busy with their regular jobs. Jubjub is either both a person who spills a lot of food on his clothing and grew up as an only child with no siblings, or he is neither a person who spills a lot of food on his clothing nor grew up as an only child with no siblings. ",Gyre is either a foodie who goes out frequently to find new food restaurants to try or belongs to a household with a high net income.,"All foodies who go out frequently to find new food restaurants to try are people who spill a lot of food on their clothing.
Peter is either both a person who spills a lot of food on his clothing and grew up as an only child with no siblings, or he is neither a person who spills a lot of food on his clothing nor grew up as an only child with no siblings.
If people have parents who are very busy with their regular jobs, then they grew up as only children with no siblings.
If people spill a lot of food on their clothing, then they do not tidy their spaces consistently and enjoy the process of cleaning.
All households with a high net income have people who have parents who are very busy with their regular jobs.
If people grew up as only children with no siblings, then they tidy their spaces consistently and enjoy the process of cleaning.",True,True
110,"If people spill a lot of food on their clothing, then they do not tidy their spaces consistently and enjoy the process of cleaning. All foodies who go out frequently to find new food restaurants to try are people who spill a lot of food on their clothing. If people grew up as only children with no siblings, then they tidy their spaces consistently and enjoy the process of cleaning. If people have parents who are very busy with their regular jobs, then they grew up as only children with no siblings. All households with a high net income have people who have parents who are very busy with their regular jobs. Peter is either both a person who spills a lot of food on his clothing and grew up as an only child with no siblings, or he is neither a person who spills a lot of food on his clothing nor grew up as an only child with no siblings. ",Peter is either a foodie who goes out frequently to find new food restaurants to try and belong to a household with a high net income or he is a foodie who goes out frequently to find new food restaurants to try nor belongs to a household with a high net income.,True,"If people spill a lot of food on their clothing, then they do not tidy their spaces consistently and enjoy the process of cleaning. All foodies who go out frequently to find new food restaurants to try are people who spill a lot of food on their clothing. If people grew up as only children with no siblings, then they tidy their spaces consistently and enjoy the process of cleaning. If people have parents who are very busy with their regular jobs, then they grew up as only children with no siblings. All households with a high net income have people who have parents who are very busy with their regular jobs. Bandersnatch is either both a person who spills a lot of food on his clothing and grew up as an only child with no siblings, or he is neither a person who spills a lot of food on his clothing nor grew up as an only child with no siblings. ",Rath is either a foodie who goes out frequently to find new food restaurants to try and belong to a household with a high net income or he is a foodie who goes out frequently to find new food restaurants to try nor belongs to a household with a high net income.,"If people grew up as only children with no siblings, then they tidy their spaces consistently and enjoy the process of cleaning.
If people have parents who are very busy with their regular jobs, then they grew up as only children with no siblings.
Peter is either both a person who spills a lot of food on his clothing and grew up as an only child with no siblings, or he is neither a person who spills a lot of food on his clothing nor grew up as an only child with no siblings.
If people spill a lot of food on their clothing, then they do not tidy their spaces consistently and enjoy the process of cleaning.
All foodies who go out frequently to find new food restaurants to try are people who spill a lot of food on their clothing.
All households with a high net income have people who have parents who are very busy with their regular jobs.",True,False
111,All fir trees are evergreens. Some objects of worship are fir trees.,Some evergreens are not objects of worship.,Uncertain,All fir trees are evergreens. Some objects of worship are fir trees.,Some evergreens are not objects of worship.,"All fir trees are evergreens.
Some objects of worship are fir trees.",True,True
112,"The Picuris Mountains are a mountain range in New Mexico or Texas. Juan de Onate visited the Picuris Mountains. The Harding Pegmatite Mine, located in the Picuris Mountains, was donated. There are no mountain ranges in texas that have mines which have been donated.",Juan de Onate visited a mountain range in New Mexico.,True,"The Picuris Mountains are a mountain range in Rath or Gyre. Boroogove visited the Picuris Mountains. The Harding Pegmatite Mine, located in the Picuris Mountains, was donated. There are no mountain ranges in Jubjub that have mines which have been donated.",Jubjub visited a mountain range in Rath.,"The Picuris Mountains are a mountain range in New Mexico or Texas.
The Harding Pegmatite Mine, located in the Picuris Mountains, was donated.
Juan de Onate visited the Picuris Mountains.
There are no mountain ranges in texas that have mines which have been donated.",True,Uncertain
113,"The Picuris Mountains are a mountain range in New Mexico or Texas. Juan de Onate visited the Picuris Mountains. The Harding Pegmatite Mine, located in the Picuris Mountains, was donated. There are no mountain ranges in texas that have mines which have been donated.",Juan de Onate visited a mountain range in Texas.,Uncertain,"The Picuris Mountains are a mountain range in Tumtum or Snark. Jabberwock visited the Picuris Mountains. The Harding Pegmatite Mine, located in the Picuris Mountains, was donated. There are no mountain ranges in Tweequ that have mines which have been donated.",Gyre visited a mountain range in Jubjub.,"The Picuris Mountains are a mountain range in New Mexico or Texas.
There are no mountain ranges in texas that have mines which have been donated.
The Harding Pegmatite Mine, located in the Picuris Mountains, was donated.
Juan de Onate visited the Picuris Mountains.",False,Uncertain
114,"The Picuris Mountains are a mountain range in New Mexico or Texas. Juan de Onate visited the Picuris Mountains. The Harding Pegmatite Mine, located in the Picuris Mountains, was donated. There are no mountain ranges in texas that have mines which have been donated.",The Harding Pegmatite Mine is not located in a mountain range in New Mexico.,False,"The Picuris Mountains are a mountain range in Rath or Boroogove. Mome visited the Picuris Mountains. The Harding Pegmatite Mine, located in the Picuris Mountains, was donated. There are no mountain ranges in Bandersnatch that have mines which have been donated.",The Harding Pegmatite Mine is not located in a mountain range in Gyre.,"Juan de Onate visited the Picuris Mountains.
The Picuris Mountains are a mountain range in New Mexico or Texas.
The Harding Pegmatite Mine, located in the Picuris Mountains, was donated.
There are no mountain ranges in texas that have mines which have been donated.",False,True
115,"If a man is taller than another man, the taller one can block the other's shooting. Michael is a man who is taller than everyone else in his class. If person x is taller than person y, and person y is taller than person z, than x is taller than z Peter is a man who is taller than Michael. Michael can block any shooting from a person as long as the person does not jump when shooting. Michael cannot block Windy's shooting. Every shooter who can jump when shooting is a great shooter.",Peter is shorter than a man in Michael's class.,False,"If a man is taller than another man, the taller one can block the other's shooting. Jubjub is a man who is taller than everyone else in his class. If person x is taller than person y, and person y is taller than person z, than x is taller than z Tumtum is a man who is taller than Jubjub. Jubjub can block any shooting from a person as long as the person does not jump when shooting. Jubjub cannot block Rath's shooting. Every shooter who can jump when shooting is a great shooter.",Boroogove is shorter than a man in Snark's class.,"Michael cannot block Windy's shooting.
If person x is taller than person y, and person y is taller than person z, than x is taller than z Peter is a man who is taller than Michael.
Michael can block any shooting from a person as long as the person does not jump when shooting.
Every shooter who can jump when shooting is a great shooter.
If a man is taller than another man, the taller one can block the other's shooting.
Michael is a man who is taller than everyone else in his class.",False,Uncertain
116,"If a man is taller than another man, the taller one can block the other's shooting. Michael is a man who is taller than everyone else in his class. If person x is taller than person y, and person y is taller than person z, than x is taller than z Peter is a man who is taller than Michael. Michael can block any shooting from a person as long as the person does not jump when shooting. Michael cannot block Windy's shooting. Every shooter who can jump when shooting is a great shooter.",Windy is a great shooter.,True,"If a man is taller than another man, the taller one can block the other's shooting. Rath is a man who is taller than everyone else in his class. If person x is taller than person y, and person y is taller than person z, than x is taller than z Mome is a man who is taller than Rath. Rath can block any shooting from a person as long as the person does not jump when shooting. Rath cannot block Jabberwock's shooting. Every shooter who can jump when shooting is a great shooter.",Windy is a great shooter.,"If a man is taller than another man, the taller one can block the other's shooting.
If person x is taller than person y, and person y is taller than person z, than x is taller than z Peter is a man who is taller than Michael.
Michael is a man who is taller than everyone else in his class.
Michael can block any shooting from a person as long as the person does not jump when shooting.
Michael cannot block Windy's shooting.
Every shooter who can jump when shooting is a great shooter.",False,Uncertain
117,"If a man is taller than another man, the taller one can block the other's shooting. Michael is a man who is taller than everyone else in his class. If person x is taller than person y, and person y is taller than person z, than x is taller than z Peter is a man who is taller than Michael. Michael can block any shooting from a person as long as the person does not jump when shooting. Michael cannot block Windy's shooting. Every shooter who can jump when shooting is a great shooter.",Peter can block Windy's shooting.,Uncertain,"If a man is taller than another man, the taller one can block the other's shooting. Jubjub is a man who is taller than everyone else in his class. If person x is taller than person y, and person y is taller than person z, than x is taller than z Mome is a man who is taller than Jubjub. Jubjub can block any shooting from a person as long as the person does not jump when shooting. Jubjub cannot block Snark's shooting. Every shooter who can jump when shooting is a great shooter.",Jabberwock can block Boroogove's shooting.,"Michael can block any shooting from a person as long as the person does not jump when shooting.
If a man is taller than another man, the taller one can block the other's shooting.
Michael cannot block Windy's shooting.
Michael is a man who is taller than everyone else in his class.
If person x is taller than person y, and person y is taller than person z, than x is taller than z Peter is a man who is taller than Michael.
Every shooter who can jump when shooting is a great shooter.",False,Uncertain
118,"Barutin Cove is named after the Bulgarian settlement of Barutin. Barutin Cove is on the southwest coast of Snow Island. The South Shetland Islands include Snow Island, Greenwich Island, and Deception Island. The South Shetland Islands are considered part of Antarctica. If A is located in B and B is located in C, then A is located in C.",Barutin is named after all islands in Antarctica.,Uncertain,"Mome is named after the Bulgarian settlement of Jubjub. Mome is on the southwest coast of Tumtum. The South Shetland Islands include Tumtum, Jabberwock, and Deception Island. The South Shetland Islands are considered part of Antarctica. If A is located in B and B is located in C, then A is located in C.",Mome is named after all islands in Antarctica.,"Barutin Cove is named after the Bulgarian settlement of Barutin.
The South Shetland Islands include Snow Island, Greenwich Island, and Deception Island.
The South Shetland Islands are considered part of Antarctica.
If A is located in B and B is located in C, then A is located in C.
Barutin Cove is on the southwest coast of Snow Island.",False,False
119,"Barutin Cove is named after the Bulgarian settlement of Barutin. Barutin Cove is on the southwest coast of Snow Island. The South Shetland Islands include Snow Island, Greenwich Island, and Deception Island. The South Shetland Islands are considered part of Antarctica. If A is located in B and B is located in C, then A is located in C.",There is at least one cove in Antarctica named after a place in Bulgaria.,True,"Bandersnatch is named after the Bulgarian settlement of Jabberwock. Bandersnatch is on the southwest coast of Snark. The South Shetland Islands include Snark, Rath, and Deception Island. The South Shetland Islands are considered part of Antarctica. If A is located in B and B is located in C, then A is located in C.",There is at least one cove in Antarctica named after a place in Bandersnatch.,"Barutin Cove is on the southwest coast of Snow Island.
If A is located in B and B is located in C, then A is located in C.
The South Shetland Islands include Snow Island, Greenwich Island, and Deception Island.
Barutin Cove is named after the Bulgarian settlement of Barutin.
The South Shetland Islands are considered part of Antarctica.",True,Uncertain
120,"Barutin Cove is named after the Bulgarian settlement of Barutin. Barutin Cove is on the southwest coast of Snow Island. The South Shetland Islands include Snow Island, Greenwich Island, and Deception Island. The South Shetland Islands are considered part of Antarctica. If A is located in B and B is located in C, then A is located in C.",Barutin is not located in Antarctica.,False,"Gyre is named after the Bulgarian settlement of Bandersnatch. Gyre is on the southwest coast of Tweequ. The South Shetland Islands include Tweequ, Tumtum, and Deception Island. The South Shetland Islands are considered part of Antarctica. If A is located in B and B is located in C, then A is located in C.",Mome is not located in Antarctica.,"Barutin Cove is on the southwest coast of Snow Island.
The South Shetland Islands are considered part of Antarctica.
If A is located in B and B is located in C, then A is located in C.
The South Shetland Islands include Snow Island, Greenwich Island, and Deception Island.
Barutin Cove is named after the Bulgarian settlement of Barutin.",False,Uncertain
121,Some affection is love. Some love is positive.,Some affection is positive.,Uncertain,Some affection is love. Some love is positive.,Some affection is positive.,"Some affection is love.
Some love is positive.",True,True
122,"If something can transport multiple passengers, then they are not empty. All airlines can transport multiple passengers. All planes are empty. All Boeing 707s are planes. If Greyhound is not an airline, then there are no Greyhound planes.",Greyhound is an airline.,Uncertain,"If something can transport multiple passengers, then they are not empty. All airlines can transport multiple passengers. All planes are empty. All Gyre 707s are planes. If Tumtum is not an airline, then there are no Tumtum planes.",Greyhound is an airline.,"If Greyhound is not an airline, then there are no Greyhound planes.
All planes are empty.
If something can transport multiple passengers, then they are not empty.
All airlines can transport multiple passengers.
All Boeing 707s are planes.",False,Uncertain
123,"If something can transport multiple passengers, then they are not empty. All airlines can transport multiple passengers. All planes are empty. All Boeing 707s are planes. If Greyhound is not an airline, then there are no Greyhound planes.",A Greyhound is a Boeing 707.,False,"If something can transport multiple passengers, then they are not empty. All airlines can transport multiple passengers. All planes are empty. All Jubjub 707s are planes. If Snark is not an airline, then there are no Snark planes.",A Mome is a Gyre 707.,"All Boeing 707s are planes.
If Greyhound is not an airline, then there are no Greyhound planes.
If something can transport multiple passengers, then they are not empty.
All planes are empty.
All airlines can transport multiple passengers.",False,Uncertain
124,"If something can transport multiple passengers, then they are not empty. All airlines can transport multiple passengers. All planes are empty. All Boeing 707s are planes. If Greyhound is not an airline, then there are no Greyhound planes.",A Greyhound is not a Boeing 707.,True,"If something can transport multiple passengers, then they are not empty. All airlines can transport multiple passengers. All planes are empty. All Jabberwock 707s are planes. If Jubjub is not an airline, then there are no Jubjub planes.",A Greyhound is not a Tweequ 707.,"If something can transport multiple passengers, then they are not empty.
All airlines can transport multiple passengers.
All planes are empty.
If Greyhound is not an airline, then there are no Greyhound planes.
All Boeing 707s are planes.",True,Uncertain
125,"All mammals are animals. All monkeys are mammals.  An animal is either a monkey or a bird. All birds fly. All animals breathe. If something can fly, then it has wings. If Rock is neither a fly nor a bird, then Rock neither flies nor breathes.",Rock is a monkey.,Uncertain,"All mammals are animals. All monkeys are mammals.  An animal is either a monkey or a bird. All birds fly. All animals breathe. If something can fly, then it has wings. If Boroogove is neither a fly nor a bird, then Boroogove neither flies nor breathes.",Rock is a monkey.,"All monkeys are mammals.
All mammals are animals.
All animals breathe.
If something can fly, then it has wings.
An animal is either a monkey or a bird.
All birds fly.
If Rock is neither a fly nor a bird, then Rock neither flies nor breathes.",False,Uncertain
126,"All mammals are animals. All monkeys are mammals.  An animal is either a monkey or a bird. All birds fly. All animals breathe. If something can fly, then it has wings. If Rock is neither a fly nor a bird, then Rock neither flies nor breathes.",Rock has wings.,True,"All mammals are animals. All monkeys are mammals.  An animal is either a monkey or a bird. All birds fly. All animals breathe. If something can fly, then it has wings. If Jabberwock is neither a fly nor a bird, then Jabberwock neither flies nor breathes.",Rock has wings.,"If something can fly, then it has wings.
All mammals are animals.
An animal is either a monkey or a bird.
All birds fly.
All monkeys are mammals.
If Rock is neither a fly nor a bird, then Rock neither flies nor breathes.
All animals breathe.",False,Uncertain
127,"All mammals are animals. All monkeys are mammals.  An animal is either a monkey or a bird. All birds fly. All animals breathe. If something can fly, then it has wings. If Rock is neither a fly nor a bird, then Rock neither flies nor breathes.",Rock does not have wings.,False,"All mammals are animals. All monkeys are mammals.  An animal is either a monkey or a bird. All birds fly. All animals breathe. If something can fly, then it has wings. If Tweequ is neither a fly nor a bird, then Tweequ neither flies nor breathes.",Rock does not have wings.,"An animal is either a monkey or a bird.
All monkeys are mammals.
All mammals are animals.
All animals breathe.
If something can fly, then it has wings.
All birds fly.
If Rock is neither a fly nor a bird, then Rock neither flies nor breathes.",True,Uncertain
128,"All people who have a wedding are people who have at least one child. All people who travel to Paris for their honeymoon are people who have a wedding. All weddings that occur in July belong to people who travel to Paris for their honeymoon. Some weddings in July are well-attended. If John has at least one child, then John does not travel to Paris for his honeymoon and does not have a wedding. If John has a wedding that is well-attended, then John has a wedding in July or, if not, then John travels to Paris for their honeymoon. ",John has a wedding that is well-attended.,False,"All people who have a wedding are people who have at least one child. All people who travel to Snark for their honeymoon are people who have a wedding. All weddings that occur in July belong to people who travel to Snark for their honeymoon. Some weddings in July are well-attended. If Rath has at least one child, then Rath does not travel to Snark for his honeymoon and does not have a wedding. If Rath has a wedding that is well-attended, then Rath has a wedding in July or, if not, then Rath travels to Snark for their honeymoon. ",Jabberwock has a wedding that is well-attended.,"All weddings that occur in July belong to people who travel to Paris for their honeymoon.
If John has a wedding that is well-attended, then John has a wedding in July or, if not, then John travels to Paris for their honeymoon.
All people who travel to Paris for their honeymoon are people who have a wedding.
Some weddings in July are well-attended.
If John has at least one child, then John does not travel to Paris for his honeymoon and does not have a wedding.
All people who have a wedding are people who have at least one child.",Uncertain,Uncertain
129,"All people who have a wedding are people who have at least one child. All people who travel to Paris for their honeymoon are people who have a wedding. All weddings that occur in July belong to people who travel to Paris for their honeymoon. Some weddings in July are well-attended. If John has at least one child, then John does not travel to Paris for his honeymoon and does not have a wedding. If John has a wedding that is well-attended, then John has a wedding in July or, if not, then John travels to Paris for their honeymoon. ",John does not have a wedding that is well-attended.,True,"All people who have a wedding are people who have at least one child. All people who travel to Tweequ for their honeymoon are people who have a wedding. All weddings that occur in July belong to people who travel to Tweequ for their honeymoon. Some weddings in July are well-attended. If Tumtum has at least one child, then Tumtum does not travel to Tweequ for his honeymoon and does not have a wedding. If Tumtum has a wedding that is well-attended, then Tumtum has a wedding in July or, if not, then Tumtum travels to Tweequ for their honeymoon. ",Rath does not have a wedding that is well-attended.,"All people who travel to Paris for their honeymoon are people who have a wedding.
If John has a wedding that is well-attended, then John has a wedding in July or, if not, then John travels to Paris for their honeymoon.
Some weddings in July are well-attended.
All weddings that occur in July belong to people who travel to Paris for their honeymoon.
All people who have a wedding are people who have at least one child.
If John has at least one child, then John does not travel to Paris for his honeymoon and does not have a wedding.",True,Uncertain
130,"All people who have a wedding are people who have at least one child. All people who travel to Paris for their honeymoon are people who have a wedding. All weddings that occur in July belong to people who travel to Paris for their honeymoon. Some weddings in July are well-attended. If John has at least one child, then John does not travel to Paris for his honeymoon and does not have a wedding. If John has a wedding that is well-attended, then John has a wedding in July or, if not, then John travels to Paris for their honeymoon. ",John has at least one child.,Uncertain,"All people who have a wedding are people who have at least one child. All people who travel to Boroogove for their honeymoon are people who have a wedding. All weddings that occur in July belong to people who travel to Boroogove for their honeymoon. Some weddings in July are well-attended. If Jubjub has at least one child, then Jubjub does not travel to Boroogove for his honeymoon and does not have a wedding. If Jubjub has a wedding that is well-attended, then Jubjub has a wedding in July or, if not, then Jubjub travels to Boroogove for their honeymoon. ",Mome has at least one child.,"All people who travel to Paris for their honeymoon are people who have a wedding.
Some weddings in July are well-attended.
If John has a wedding that is well-attended, then John has a wedding in July or, if not, then John travels to Paris for their honeymoon.
If John has at least one child, then John does not travel to Paris for his honeymoon and does not have a wedding.
All weddings that occur in July belong to people who travel to Paris for their honeymoon.
All people who have a wedding are people who have at least one child.",False,Uncertain
131,"All people who have a wedding are people who have at least one child. All people who travel to Paris for their honeymoon are people who have a wedding. All weddings that occur in July belong to people who travel to Paris for their honeymoon. Some weddings in July are well-attended. If John has at least one child, then John does not travel to Paris for his honeymoon and does not have a wedding. If John has a wedding that is well-attended, then John has a wedding in July or, if not, then John travels to Paris for their honeymoon. ",John has neither a wedding that is well-attended nor does he travel to Paris for his honeymoon.,True,"All people who have a wedding are people who have at least one child. All people who travel to Rath for their honeymoon are people who have a wedding. All weddings that occur in July belong to people who travel to Rath for their honeymoon. Some weddings in July are well-attended. If Jabberwock has at least one child, then Jabberwock does not travel to Rath for his honeymoon and does not have a wedding. If Jabberwock has a wedding that is well-attended, then Jabberwock has a wedding in July or, if not, then Jabberwock travels to Rath for their honeymoon. ",Snark has neither a wedding that is well-attended nor does he travel to Gyre for his honeymoon.,"Some weddings in July are well-attended.
All people who travel to Paris for their honeymoon are people who have a wedding.
All people who have a wedding are people who have at least one child.
All weddings that occur in July belong to people who travel to Paris for their honeymoon.
If John has at least one child, then John does not travel to Paris for his honeymoon and does not have a wedding.
If John has a wedding that is well-attended, then John has a wedding in July or, if not, then John travels to Paris for their honeymoon.",True,Uncertain
132,[BG] Some mammals have teeth. Platypus have no teeth. Platypus are mammals.  Humans have teeth.,Platypus are mammals with no teeth.,True,[BG] Some mammals have teeth. Platypus have no teeth. Platypus are mammals.  Humans have teeth.,Platypus are mammals with no teeth.,"[BG] Some mammals have teeth.
Platypus have no teeth.
Humans have teeth.
Platypus are mammals.",True,True
133,[BG] Some mammals have teeth. Platypus have no teeth. Platypus are mammals.  Humans have teeth.,Platypus are reptiles.,Uncertain,[BG] Some mammals have teeth. Platypus have no teeth. Platypus are mammals.  Humans have teeth.,Platypus are reptiles.,"Platypus are mammals.
[BG] Some mammals have teeth.
Humans have teeth.
Platypus have no teeth.",False,False
134,[BG] Some mammals have teeth. Platypus have no teeth. Platypus are mammals.  Humans have teeth.,Humans are mammals.,Uncertain,[BG] Some mammals have teeth. Platypus have no teeth. Platypus are mammals.  Humans have teeth.,Humans are mammals.,"[BG] Some mammals have teeth.
Platypus have no teeth.
Humans have teeth.
Platypus are mammals.",True,True
135,Plungers suck. Vacuums suck. Vampires suck. Space is a vacuum. A duster is a household appliance that doesn't suck.,Space sucks.,True,Plungers suck. Jabberwock suck. Mome suck. Space is a vacuum. A duster is a household appliance that doesn't suck.,Space sucks.,"A duster is a household appliance that doesn't suck.
Space is a vacuum.
Plungers suck.
Vacuums suck.
Vampires suck.",False,False
136,Plungers suck. Vacuums suck. Vampires suck. Space is a vacuum. A duster is a household appliance that doesn't suck.,Space is a vampire.,Uncertain,Plungers suck. Tumtum suck. Rath suck. Space is a vacuum. A duster is a household appliance that doesn't suck.,Space is a vampire.,"Space is a vacuum.
Plungers suck.
Vampires suck.
A duster is a household appliance that doesn't suck.
Vacuums suck.",False,False
137,Plungers suck. Vacuums suck. Vampires suck. Space is a vacuum. A duster is a household appliance that doesn't suck.,"If something is a household appliance, it sucks.",False,Plungers suck. Jubjub suck. Boroogove suck. Space is a vacuum. A duster is a household appliance that doesn't suck.,"If something is a household appliance, it sucks.","Space is a vacuum.
Vampires suck.
Plungers suck.
A duster is a household appliance that doesn't suck.
Vacuums suck.",False,False
138,"Machine Learning algorithms can be categorized as supervised learning, unsupervised learning, and reinforcement learning. Unsupervised learning doesn't require labelled data. The state-of-the-art text summarization model is trained with machine learning algorithms. Reinforcement learning is not used to train the state-of-the-art text summarization model. The Machine Learning algorithm for training text summarization model requires labelled data.",Supervised learning is used to train the state-of-the-art text summarization model.,True,"Snark algorithms can be categorized as supervised learning, unsupervised learning, and reinforcement learning. Unsupervised learning doesn't require labelled data. The state-of-the-art text summarization model is trained with machine learning algorithms. Reinforcement learning is not used to train the state-of-the-art text summarization model. Gyre algorithm for training text summarization model requires labelled data.",Supervised learning is used to train the state-of-the-art text summarization model.,"The Machine Learning algorithm for training text summarization model requires labelled data.
Machine Learning algorithms can be categorized as supervised learning, unsupervised learning, and reinforcement learning.
Unsupervised learning doesn't require labelled data.
Reinforcement learning is not used to train the state-of-the-art text summarization model.
The state-of-the-art text summarization model is trained with machine learning algorithms.",True,Uncertain
139,"Machine Learning algorithms can be categorized as supervised learning, unsupervised learning, and reinforcement learning. Unsupervised learning doesn't require labelled data. The state-of-the-art text summarization model is trained with machine learning algorithms. Reinforcement learning is not used to train the state-of-the-art text summarization model. The Machine Learning algorithm for training text summarization model requires labelled data.",Unsupervised learning is used to train the state-of-the-art text summarization model.,False,"Snark algorithms can be categorized as supervised learning, unsupervised learning, and reinforcement learning. Unsupervised learning doesn't require labelled data. The state-of-the-art text summarization model is trained with machine learning algorithms. Reinforcement learning is not used to train the state-of-the-art text summarization model. Jabberwock algorithm for training text summarization model requires labelled data.",Unsupervised learning is used to train the state-of-the-art text summarization model.,"The state-of-the-art text summarization model is trained with machine learning algorithms.
The Machine Learning algorithm for training text summarization model requires labelled data.
Reinforcement learning is not used to train the state-of-the-art text summarization model.
Unsupervised learning doesn't require labelled data.
Machine Learning algorithms can be categorized as supervised learning, unsupervised learning, and reinforcement learning.",False,False
140,"If a cartoon character is funny, then it is popular. If a cartoon character is ugly, then it is not popular. If a cartoon character is loved by children, then it is funny. If a cartoon character is from The Simpsons, then it is loved by children. If a cartoon character is yellow, then it is from The Simpsons. Ben is either from The Simpsons or funny.",Ben is loved by children.,Uncertain,"If a cartoon character is funny, then it is popular. If a cartoon character is ugly, then it is not popular. If a cartoon character is loved by children, then it is funny. If a cartoon character is from The Snark, then it is loved by children. If a cartoon character is yellow, then it is from The Snark. Bandersnatch is either from The Snark or funny.",Snark is loved by children.,"If a cartoon character is funny, then it is popular.
If a cartoon character is yellow, then it is from The Simpsons.
If a cartoon character is ugly, then it is not popular.
If a cartoon character is loved by children, then it is funny.
If a cartoon character is from The Simpsons, then it is loved by children.
Ben is either from The Simpsons or funny.",Uncertain,Uncertain
141,"If a cartoon character is funny, then it is popular. If a cartoon character is ugly, then it is not popular. If a cartoon character is loved by children, then it is funny. If a cartoon character is from The Simpsons, then it is loved by children. If a cartoon character is yellow, then it is from The Simpsons. Ben is either from The Simpsons or funny.",Ben is ugly or yellow.,False,"If a cartoon character is funny, then it is popular. If a cartoon character is ugly, then it is not popular. If a cartoon character is loved by children, then it is funny. If a cartoon character is from The Gyre, then it is loved by children. If a cartoon character is yellow, then it is from The Gyre. Tweequ is either from The Gyre or funny.",Jubjub is ugly or yellow.,"If a cartoon character is from The Simpsons, then it is loved by children.
Ben is either from The Simpsons or funny.
If a cartoon character is ugly, then it is not popular.
If a cartoon character is yellow, then it is from The Simpsons.
If a cartoon character is funny, then it is popular.
If a cartoon character is loved by children, then it is funny.",True,Uncertain
142,"If a cartoon character is funny, then it is popular. If a cartoon character is ugly, then it is not popular. If a cartoon character is loved by children, then it is funny. If a cartoon character is from The Simpsons, then it is loved by children. If a cartoon character is yellow, then it is from The Simpsons. Ben is either from The Simpsons or funny.",Ben is either yellow and ugly or neither yellow nor ugly.,True,"If a cartoon character is funny, then it is popular. If a cartoon character is ugly, then it is not popular. If a cartoon character is loved by children, then it is funny. If a cartoon character is from The Bandersnatch, then it is loved by children. If a cartoon character is yellow, then it is from The Bandersnatch. Tumtum is either from The Bandersnatch or funny.",Tumtum is either yellow and ugly or neither yellow nor ugly.,"If a cartoon character is loved by children, then it is funny.
If a cartoon character is ugly, then it is not popular.
If a cartoon character is funny, then it is popular.
If a cartoon character is from The Simpsons, then it is loved by children.
Ben is either from The Simpsons or funny.
If a cartoon character is yellow, then it is from The Simpsons.",True,True
143,Breeding back is a form of artificial selection by the deliberate selective breeding of domestic animals. Heck cattle were bred-back in the 1920s to resemble the aurochs. [BG] Heck cattle are animals. [BG] Aurochs are animals. Some animals to be bred-back resemble animals that are extinct.,Some Heck cattle are artificially selected.,True,Breeding back is a form of artificial selection by the deliberate selective breeding of domestic animals. Heck cattle were bred-back in the 1920s to resemble the aurochs. [BG] Heck cattle are animals. [BG] Aurochs are animals. Some animals to be bred-back resemble animals that are extinct.,Some Heck cattle are artificially selected.,"[BG] Aurochs are animals.
[BG] Heck cattle are animals.
Some animals to be bred-back resemble animals that are extinct.
Heck cattle were bred-back in the 1920s to resemble the aurochs.
Breeding back is a form of artificial selection by the deliberate selective breeding of domestic animals.",True,True
144,Breeding back is a form of artificial selection by the deliberate selective breeding of domestic animals. Heck cattle were bred-back in the 1920s to resemble the aurochs. [BG] Heck cattle are animals. [BG] Aurochs are animals. Some animals to be bred-back resemble animals that are extinct.,Aurochs are extinct.,Uncertain,Breeding back is a form of artificial selection by the deliberate selective breeding of domestic animals. Heck cattle were bred-back in the 1920s to resemble the aurochs. [BG] Heck cattle are animals. [BG] Aurochs are animals. Some animals to be bred-back resemble animals that are extinct.,Aurochs are extinct.,"[BG] Heck cattle are animals.
Some animals to be bred-back resemble animals that are extinct.
Breeding back is a form of artificial selection by the deliberate selective breeding of domestic animals.
Heck cattle were bred-back in the 1920s to resemble the aurochs.
[BG] Aurochs are animals.",False,False
145,"All students are humans.  If someone studies, then they are a student. A person either studys or teaches. No young person teaches. Jerry neither teaches nor is a manager. Rose is young or a student.",Jerry is young.,Uncertain,"All students are humans.  If someone studies, then they are a student. A person either studys or teaches. No young person teaches. Gyre neither teaches nor is a manager. Rose is young or a student.",Jubjub is young.,"All students are humans.
Rose is young or a student.
Jerry neither teaches nor is a manager.
No young person teaches.
A person either studys or teaches.
If someone studies, then they are a student.",Uncertain,Uncertain
146,"All students are humans.  If someone studies, then they are a student. A person either studys or teaches. No young person teaches. Jerry neither teaches nor is a manager. Rose is young or a student.",Jerry is not young.,Uncertain,"All students are humans.  If someone studies, then they are a student. A person either studys or teaches. No young person teaches. Snark neither teaches nor is a manager. Rose is young or a student.",Snark is not young.,"Jerry neither teaches nor is a manager.
No young person teaches.
All students are humans.
A person either studys or teaches.
Rose is young or a student.
If someone studies, then they are a student.",True,True
147,"All students are humans.  If someone studies, then they are a student. A person either studys or teaches. No young person teaches. Jerry neither teaches nor is a manager. Rose is young or a student.",Rose is a human or a manager.,True,"All students are humans.  If someone studies, then they are a student. A person either studys or teaches. No young person teaches. Tumtum neither teaches nor is a manager. Rose is young or a student.",Rose is a human or a manager.,"Jerry neither teaches nor is a manager.
Rose is young or a student.
A person either studys or teaches.
All students are humans.
If someone studies, then they are a student.
No young person teaches.",True,True
148,"All students are humans.  If someone studies, then they are a student. A person either studys or teaches. No young person teaches. Jerry neither teaches nor is a manager. Rose is young or a student.",Rose is a human or Jerry is a manager.,True,"All students are humans.  If someone studies, then they are a student. A person either studys or teaches. No young person teaches. Rath neither teaches nor is a manager. Rose is young or a student.",Rose is a human or Tumtum is a manager.,"If someone studies, then they are a student.
All students are humans.
No young person teaches.
A person either studys or teaches.
Rose is young or a student.
Jerry neither teaches nor is a manager.",True,True
149,"All students are humans.  If someone studies, then they are a student. A person either studys or teaches. No young person teaches. Jerry neither teaches nor is a manager. Rose is young or a student.",It is not true that Rose is a student and Jerry is a human.,False,"All students are humans.  If someone studies, then they are a student. A person either studys or teaches. No young person teaches. Gyre neither teaches nor is a manager. Rose is young or a student.",It is not true that Snark is a student and Jabberwock is a human.,"All students are humans.
If someone studies, then they are a student.
Rose is young or a student.
Jerry neither teaches nor is a manager.
A person either studys or teaches.
No young person teaches.",True,Uncertain
150,New Vessel Press is a publishing house which specializes in translating foreign literature into English. All of New Vessel Press's published books are in English. Neapolitan Chronicles is a book published by New Vessel Press. Neapolitan Chronicles was translated from Italian. Palace of Flies is a book published by New Vessel Press.,Neapolitan Chronicles is an English book.,True,Rath is a publishing house which specializes in translating foreign literature into English. All of Tweequ published books are in English. Jubjub is a book published by Rath. Jubjub was translated from Italian. Boroogove is a book published by Rath.,Mome is an English book.,"Neapolitan Chronicles is a book published by New Vessel Press.
Neapolitan Chronicles was translated from Italian.
New Vessel Press is a publishing house which specializes in translating foreign literature into English.
All of New Vessel Press's published books are in English.
Palace of Flies is a book published by New Vessel Press.",True,Uncertain
151,New Vessel Press is a publishing house which specializes in translating foreign literature into English. All of New Vessel Press's published books are in English. Neapolitan Chronicles is a book published by New Vessel Press. Neapolitan Chronicles was translated from Italian. Palace of Flies is a book published by New Vessel Press.,Harry Potter was published by New Vessel Press.,Uncertain,Boroogove is a publishing house which specializes in translating foreign literature into English. All of Mome published books are in English. Bandersnatch is a book published by Boroogove. Bandersnatch was translated from Italian. Gyre is a book published by Boroogove.,Mome was published by Tumtum.,"Neapolitan Chronicles was translated from Italian.
New Vessel Press is a publishing house which specializes in translating foreign literature into English.
All of New Vessel Press's published books are in English.
Neapolitan Chronicles is a book published by New Vessel Press.
Palace of Flies is a book published by New Vessel Press.",False,False
152,New Vessel Press is a publishing house which specializes in translating foreign literature into English. All of New Vessel Press's published books are in English. Neapolitan Chronicles is a book published by New Vessel Press. Neapolitan Chronicles was translated from Italian. Palace of Flies is a book published by New Vessel Press.,Palace of Flies was translated from Italian.,Uncertain,Jubjub is a publishing house which specializes in translating foreign literature into English. All of Snark published books are in English. Rath is a book published by Jubjub. Rath was translated from Italian. Tumtum is a book published by Jubjub.,Jabberwock was translated from Italian.,"Palace of Flies is a book published by New Vessel Press.
Neapolitan Chronicles was translated from Italian.
All of New Vessel Press's published books are in English.
New Vessel Press is a publishing house which specializes in translating foreign literature into English.
Neapolitan Chronicles is a book published by New Vessel Press.",Uncertain,Uncertain
153,"If people own a large desktop monitor at their home, then they work regularly and often at home. All people who have a fully stocked and impressive home office are people who own a large desktop monitor at their home. All people who work regularly and often at home spend their free time tidying and organizing the spaces in their homes. All people who work regularly and often at home visit the office supply store regularly. If people spend their free time tidying and organizing the spaces in their home, then they do not go to bed late and wake up every day after noon.  Remy either both goes to bed late and wakes up every day after noon and spends their free time tidying and organizing the spaces in their home, or they do not go to bed late and wake up every day after noon nor spend their free time tidying and organizing the spaces in their home. ",Remy visits the office supply store regularly.,Uncertain,"If people own a large desktop monitor at their home, then they work regularly and often at home. All people who have a fully stocked and impressive home office are people who own a large desktop monitor at their home. All people who work regularly and often at home spend their free time tidying and organizing the spaces in their homes. All people who work regularly and often at home visit the office supply store regularly. If people spend their free time tidying and organizing the spaces in their home, then they do not go to bed late and wake up every day after noon.  Remy either both goes to bed late and wakes up every day after noon and spends their free time tidying and organizing the spaces in their home, or they do not go to bed late and wake up every day after noon nor spend their free time tidying and organizing the spaces in their home. ",Remy visits the office supply store regularly.,"All people who work regularly and often at home spend their free time tidying and organizing the spaces in their homes.
Remy either both goes to bed late and wakes up every day after noon and spends their free time tidying and organizing the spaces in their home, or they do not go to bed late and wake up every day after noon nor spend their free time tidying and organizing the spaces in their home.
All people who have a fully stocked and impressive home office are people who own a large desktop monitor at their home.
If people spend their free time tidying and organizing the spaces in their home, then they do not go to bed late and wake up every day after noon.
If people own a large desktop monitor at their home, then they work regularly and often at home.
All people who work regularly and often at home visit the office supply store regularly.",False,False
154,"If people own a large desktop monitor at their home, then they work regularly and often at home. All people who have a fully stocked and impressive home office are people who own a large desktop monitor at their home. All people who work regularly and often at home spend their free time tidying and organizing the spaces in their homes. All people who work regularly and often at home visit the office supply store regularly. If people spend their free time tidying and organizing the spaces in their home, then they do not go to bed late and wake up every day after noon.  Remy either both goes to bed late and wakes up every day after noon and spends their free time tidying and organizing the spaces in their home, or they do not go to bed late and wake up every day after noon nor spend their free time tidying and organizing the spaces in their home. ",Remy has a fully stocked and impressive home office and also visits the office supply store regularly.,False,"If people own a large desktop monitor at their home, then they work regularly and often at home. All people who have a fully stocked and impressive home office are people who own a large desktop monitor at their home. All people who work regularly and often at home spend their free time tidying and organizing the spaces in their homes. All people who work regularly and often at home visit the office supply store regularly. If people spend their free time tidying and organizing the spaces in their home, then they do not go to bed late and wake up every day after noon.  Remy either both goes to bed late and wakes up every day after noon and spends their free time tidying and organizing the spaces in their home, or they do not go to bed late and wake up every day after noon nor spend their free time tidying and organizing the spaces in their home. ",Remy has a fully stocked and impressive home office and also visits the office supply store regularly.,"All people who work regularly and often at home visit the office supply store regularly.
Remy either both goes to bed late and wakes up every day after noon and spends their free time tidying and organizing the spaces in their home, or they do not go to bed late and wake up every day after noon nor spend their free time tidying and organizing the spaces in their home.
If people own a large desktop monitor at their home, then they work regularly and often at home.
If people spend their free time tidying and organizing the spaces in their home, then they do not go to bed late and wake up every day after noon.
All people who have a fully stocked and impressive home office are people who own a large desktop monitor at their home.
All people who work regularly and often at home spend their free time tidying and organizing the spaces in their homes.",False,False
155,"If people own a large desktop monitor at their home, then they work regularly and often at home. All people who have a fully stocked and impressive home office are people who own a large desktop monitor at their home. All people who work regularly and often at home spend their free time tidying and organizing the spaces in their homes. All people who work regularly and often at home visit the office supply store regularly. If people spend their free time tidying and organizing the spaces in their home, then they do not go to bed late and wake up every day after noon.  Remy either both goes to bed late and wakes up every day after noon and spends their free time tidying and organizing the spaces in their home, or they do not go to bed late and wake up every day after noon nor spend their free time tidying and organizing the spaces in their home. ","If Remy either goes to bed late and wakes up every day after noon or visits the office supply store regularly, then Remy neither spends their free time tidying and organizing the spaces in their home nor has a fully stocked and impressive home office.",True,"If people own a large desktop monitor at their home, then they work regularly and often at home. All people who have a fully stocked and impressive home office are people who own a large desktop monitor at their home. All people who work regularly and often at home spend their free time tidying and organizing the spaces in their homes. All people who work regularly and often at home visit the office supply store regularly. If people spend their free time tidying and organizing the spaces in their home, then they do not go to bed late and wake up every day after noon.  Remy either both goes to bed late and wakes up every day after noon and spends their free time tidying and organizing the spaces in their home, or they do not go to bed late and wake up every day after noon nor spend their free time tidying and organizing the spaces in their home. ","If Snark either goes to bed late and wakes up every day after noon or visits the office supply store regularly, then Snark neither spends their free time tidying and organizing the spaces in their home nor has a fully stocked and impressive home office.","If people spend their free time tidying and organizing the spaces in their home, then they do not go to bed late and wake up every day after noon.
All people who work regularly and often at home visit the office supply store regularly.
All people who have a fully stocked and impressive home office are people who own a large desktop monitor at their home.
All people who work regularly and often at home spend their free time tidying and organizing the spaces in their homes.
Remy either both goes to bed late and wakes up every day after noon and spends their free time tidying and organizing the spaces in their home, or they do not go to bed late and wake up every day after noon nor spend their free time tidying and organizing the spaces in their home.
If people own a large desktop monitor at their home, then they work regularly and often at home.",True,True
156,All humans are mortal. All Greeks are humans.,Some Greeks are mortal.,Uncertain,All humans are mortal. All Greeks are humans.,Some Greeks are mortal.,"All humans are mortal.
All Greeks are humans.",True,True
157,No students who work in the library are from the computer science department.  All students who have part-time jobs offered by the university are students who work in the library.  All students who take the database course are from the computer science department.  All students instructed by professor David are taking the database course.  All students working in the lab are instructed by professor David.  James is a student working in the lab.  Jack neither has a part-time job offered by the university nor works in the lab. ,James has a part-time job offered by the university.,False,No students who work in the library are from the computer science department.  All students who have part-time jobs offered by the university are students who work in the library.  All students who take the database course are from the computer science department.  All students instructed by professor Boroogove are taking the database course.  All students working in the lab are instructed by professor Boroogove.  Snark is a student working in the lab.  Tweequ neither has a part-time job offered by the university nor works in the lab. ,Mome has a part-time job offered by the university.,"Jack neither has a part-time job offered by the university nor works in the lab.
All students working in the lab are instructed by professor David.
James is a student working in the lab.
All students who take the database course are from the computer science department.
No students who work in the library are from the computer science department.
All students instructed by professor David are taking the database course.
All students who have part-time jobs offered by the university are students who work in the library.",False,False
158,No students who work in the library are from the computer science department.  All students who have part-time jobs offered by the university are students who work in the library.  All students who take the database course are from the computer science department.  All students instructed by professor David are taking the database course.  All students working in the lab are instructed by professor David.  James is a student working in the lab.  Jack neither has a part-time job offered by the university nor works in the lab. ,James does not have a part-time job offered by the university.,True,No students who work in the library are from the computer science department.  All students who have part-time jobs offered by the university are students who work in the library.  All students who take the database course are from the computer science department.  All students instructed by professor Tumtum are taking the database course.  All students working in the lab are instructed by professor Tumtum.  Jubjub is a student working in the lab.  Snark neither has a part-time job offered by the university nor works in the lab. ,Jubjub does not have a part-time job offered by the university.,"James is a student working in the lab.
All students instructed by professor David are taking the database course.
All students working in the lab are instructed by professor David.
All students who have part-time jobs offered by the university are students who work in the library.
No students who work in the library are from the computer science department.
Jack neither has a part-time job offered by the university nor works in the lab.
All students who take the database course are from the computer science department.",True,True
159,No students who work in the library are from the computer science department.  All students who have part-time jobs offered by the university are students who work in the library.  All students who take the database course are from the computer science department.  All students instructed by professor David are taking the database course.  All students working in the lab are instructed by professor David.  James is a student working in the lab.  Jack neither has a part-time job offered by the university nor works in the lab. ,James either takes the database course or has a part-time job offered by the university.,True,No students who work in the library are from the computer science department.  All students who have part-time jobs offered by the university are students who work in the library.  All students who take the database course are from the computer science department.  All students instructed by professor Snark are taking the database course.  All students working in the lab are instructed by professor Snark.  Tweequ is a student working in the lab.  Gyre neither has a part-time job offered by the university nor works in the lab. ,Jabberwock either takes the database course or has a part-time job offered by the university.,"All students instructed by professor David are taking the database course.
Jack neither has a part-time job offered by the university nor works in the lab.
No students who work in the library are from the computer science department.
James is a student working in the lab.
All students who have part-time jobs offered by the university are students who work in the library.
All students who take the database course are from the computer science department.
All students working in the lab are instructed by professor David.",True,Uncertain
160,No students who work in the library are from the computer science department.  All students who have part-time jobs offered by the university are students who work in the library.  All students who take the database course are from the computer science department.  All students instructed by professor David are taking the database course.  All students working in the lab are instructed by professor David.  James is a student working in the lab.  Jack neither has a part-time job offered by the university nor works in the lab. ,Jack takes the database course.,Uncertain,No students who work in the library are from the computer science department.  All students who have part-time jobs offered by the university are students who work in the library.  All students who take the database course are from the computer science department.  All students instructed by professor Tumtum are taking the database course.  All students working in the lab are instructed by professor Tumtum.  Bandersnatch is a student working in the lab.  Tweequ neither has a part-time job offered by the university nor works in the lab. ,Rath takes the database course.,"No students who work in the library are from the computer science department.
All students working in the lab are instructed by professor David.
All students who have part-time jobs offered by the university are students who work in the library.
James is a student working in the lab.
All students who take the database course are from the computer science department.
All students instructed by professor David are taking the database course.
Jack neither has a part-time job offered by the university nor works in the lab.",False,Uncertain
161,"If George likes music, he wants to compose. If George has access to a program, he can compose. If George can compose and wants to compose, he will compose.","If George likes music and has access to a program, he will compose.",True,"If Jubjub likes music, he wants to compose. If Jubjub has access to a program, he can compose. If Jubjub can compose and wants to compose, he will compose.","If Tumtum likes music and has access to a program, he will compose.","If George likes music, he wants to compose.
If George can compose and wants to compose, he will compose.
If George has access to a program, he can compose.",True,Uncertain
162,"If George likes music, he wants to compose. If George has access to a program, he can compose. If George can compose and wants to compose, he will compose.","If George will not compose, George can not compose.",Uncertain,"If Jubjub likes music, he wants to compose. If Jubjub has access to a program, he can compose. If Jubjub can compose and wants to compose, he will compose.","If Mome will not compose, Mome can not compose.","If George can compose and wants to compose, he will compose.
If George likes music, he wants to compose.
If George has access to a program, he can compose.",True,Uncertain
163,A hawk never lands.  Some birds are hawks.,All birds land,False,A hawk never lands.  Some birds are hawks.,All birds land,"A hawk never lands.
Some birds are hawks.",False,False
164,"On some Mondays at 8 pm, roses are given out on TV. Every rose given out on TV is on the Bachelor. Everything on the Bachelor portrays the lives of real people. All shows portraying the lives of real people are reality TV shows. Breaking Bad is not a reality TV show.",Breaking Bad is on Monday at 8 pm.,Uncertain,"On some Mondays at 8 pm, roses are given out on TV. Every rose given out on TV is on the Snark. Everything on the Snark portrays the lives of real people. All shows portraying the lives of real people are reality TV shows. Jabberwock is not a reality TV show.",Snark is on Monday at 8 pm.,"On some Mondays at 8 pm, roses are given out on TV.
All shows portraying the lives of real people are reality TV shows.
Everything on the Bachelor portrays the lives of real people.
Every rose given out on TV is on the Bachelor.
Breaking Bad is not a reality TV show.",False,Uncertain
165,"On some Mondays at 8 pm, roses are given out on TV. Every rose given out on TV is on the Bachelor. Everything on the Bachelor portrays the lives of real people. All shows portraying the lives of real people are reality TV shows. Breaking Bad is not a reality TV show.",Breaking Bad is a TV show in which roses are given out on Monday at 8 pm.,False,"On some Mondays at 8 pm, roses are given out on TV. Every rose given out on TV is on the Mome. Everything on the Mome portrays the lives of real people. All shows portraying the lives of real people are reality TV shows. Jabberwock is not a reality TV show.",Gyre is a TV show in which roses are given out on Monday at 8 pm.,"On some Mondays at 8 pm, roses are given out on TV.
Everything on the Bachelor portrays the lives of real people.
All shows portraying the lives of real people are reality TV shows.
Every rose given out on TV is on the Bachelor.
Breaking Bad is not a reality TV show.",False,Uncertain
166,"On some Mondays at 8 pm, roses are given out on TV. Every rose given out on TV is on the Bachelor. Everything on the Bachelor portrays the lives of real people. All shows portraying the lives of real people are reality TV shows. Breaking Bad is not a reality TV show.","If roses are given out during Breaking Bad, then it is on Monday at 8 pm.",True,"On some Mondays at 8 pm, roses are given out on TV. Every rose given out on TV is on the Jubjub. Everything on the Jubjub portrays the lives of real people. All shows portraying the lives of real people are reality TV shows. Tumtum is not a reality TV show.","If roses are given out during Breaking Bad, then it is on Monday at 8 pm.","All shows portraying the lives of real people are reality TV shows.
Every rose given out on TV is on the Bachelor.
On some Mondays at 8 pm, roses are given out on TV.
Everything on the Bachelor portrays the lives of real people.
Breaking Bad is not a reality TV show.",False,Uncertain
167,Heinrich Scmidt was a Nazi German politician.  Heeinrich Scmidt was also a member of the Prussian State Parliament and the Nazi Reichstag.,Heinrich Schmidt was either German or Russian.,True,Heinrich Boroogove was a Nazi German politician.  Snark was also a member of Tumtum and the Nazi Reichstag.,Heinrich Boroogove was either German or Russian.,"Heinrich Scmidt was a Nazi German politician.
Heeinrich Scmidt was also a member of the Prussian State Parliament and the Nazi Reichstag.",False,Uncertain
168,Heinrich Scmidt was a Nazi German politician.  Heeinrich Scmidt was also a member of the Prussian State Parliament and the Nazi Reichstag.,Some Nazi German politician was part of both the Prussian State Parliament and the Nazi Reichstag.,True,Heinrich Snark was a Nazi German politician.  Boroogove was also a member of Mome and the Nazi Reichstag.,Some Nazi German politician was part of both Snark and the Nazi Reichstag.,"Heeinrich Scmidt was also a member of the Prussian State Parliament and the Nazi Reichstag.
Heinrich Scmidt was a Nazi German politician.",True,False
169,Heinrich Scmidt was a Nazi German politician.  Heeinrich Scmidt was also a member of the Prussian State Parliament and the Nazi Reichstag.,No politicans are part of the Nazi Reichstag.,False,Heinrich Jabberwock was a Nazi German politician.  Boroogove was also a member of Snark and the Nazi Reichstag.,No politicans are part of the Nazi Reichstag.,"Heinrich Scmidt was a Nazi German politician.
Heeinrich Scmidt was also a member of the Prussian State Parliament and the Nazi Reichstag.",False,False
170,"If something is a deadly disease, then its survival rate is low.  All severe cancers are deadly diseases. Bile duct cancer is a severe cancer.  All Cholangiocarcinoma is bile duct cancer. No one with mild flu has a low survival rate. If colorectal cancer is a bile duct cancer and the survival rate is low, then colorectal cancer is not a bile duct cancer.",Colorectal cancer is a severe cancer,Uncertain,"If something is a deadly disease, then its survival rate is low.  All severe cancers are deadly diseases. Bile duct cancer is a severe cancer.  All Jabberwock is bile duct cancer. No one with mild flu has a low survival rate. If colorectal cancer is a bile duct cancer and the survival rate is low, then colorectal cancer is not a bile duct cancer.",Colorectal cancer is a severe cancer,"All severe cancers are deadly diseases.
If something is a deadly disease, then its survival rate is low.
All Cholangiocarcinoma is bile duct cancer.
No one with mild flu has a low survival rate.
If colorectal cancer is a bile duct cancer and the survival rate is low, then colorectal cancer is not a bile duct cancer.
Bile duct cancer is a severe cancer.",Uncertain,Uncertain
171,"If something is a deadly disease, then its survival rate is low.  All severe cancers are deadly diseases. Bile duct cancer is a severe cancer.  All Cholangiocarcinoma is bile duct cancer. No one with mild flu has a low survival rate. If colorectal cancer is a bile duct cancer and the survival rate is low, then colorectal cancer is not a bile duct cancer.","If colorectal cancer is a bile duct cancer or a Cholangiocarcinoma, then colorectal cancer is a bile duct cancer and a mild flu.",True,"If something is a deadly disease, then its survival rate is low.  All severe cancers are deadly diseases. Bile duct cancer is a severe cancer.  All Tweequ is bile duct cancer. No one with mild flu has a low survival rate. If colorectal cancer is a bile duct cancer and the survival rate is low, then colorectal cancer is not a bile duct cancer.","If colorectal cancer is a bile duct cancer or a Boroogove, then colorectal cancer is a bile duct cancer and a mild flu.","All Cholangiocarcinoma is bile duct cancer.
No one with mild flu has a low survival rate.
If colorectal cancer is a bile duct cancer and the survival rate is low, then colorectal cancer is not a bile duct cancer.
All severe cancers are deadly diseases.
If something is a deadly disease, then its survival rate is low.
Bile duct cancer is a severe cancer.",False,False
172,"If something is a deadly disease, then its survival rate is low.  All severe cancers are deadly diseases. Bile duct cancer is a severe cancer.  All Cholangiocarcinoma is bile duct cancer. No one with mild flu has a low survival rate. If colorectal cancer is a bile duct cancer and the survival rate is low, then colorectal cancer is not a bile duct cancer.","If colorectal cancer is not a mild flu and a Cholangiocarcinoma, then colorectal cancer is a bile duct cancer or a Cholangiocarcinoma.",False,"If something is a deadly disease, then its survival rate is low.  All severe cancers are deadly diseases. Bile duct cancer is a severe cancer.  All Tweequ is bile duct cancer. No one with mild flu has a low survival rate. If colorectal cancer is a bile duct cancer and the survival rate is low, then colorectal cancer is not a bile duct cancer.","If colorectal cancer is not a mild flu and a Tweequ, then colorectal cancer is a bile duct cancer or a Tweequ.","All Cholangiocarcinoma is bile duct cancer.
All severe cancers are deadly diseases.
No one with mild flu has a low survival rate.
Bile duct cancer is a severe cancer.
If something is a deadly disease, then its survival rate is low.
If colorectal cancer is a bile duct cancer and the survival rate is low, then colorectal cancer is not a bile duct cancer.",True,True
173,"All people who eat salads regularly are very conscious about their health and eating habits. All people who grew up in health-conscious childhood homes eat salads regularly. All people who fulfill their nutritional daily intakes grew up in health-conscious childhood homes. If people have good relationships with their parents, then they fulfill their nutritional daily intakes. If people have good relationships with their parents, then they do not eat salads regularly. If people visit the gym at least once a day, then they always fulfill their daily nutritional intakes. It is either both true that Taylor grew up in a health-conscious childhood home and she has a good relationship with her parents, or it is true that Taylor neither grew up in a health-conscious childhood home nor has a good relationship with her parents.",Taylor eats salads regularly.,Uncertain,"All people who eat salads regularly are very conscious about their health and eating habits. All people who grew up in health-conscious childhood homes eat salads regularly. All people who fulfill their nutritional daily intakes grew up in health-conscious childhood homes. If people have good relationships with their parents, then they fulfill their nutritional daily intakes. If people have good relationships with their parents, then they do not eat salads regularly. If people visit the gym at least once a day, then they always fulfill their daily nutritional intakes. It is either both true that Rath grew up in a health-conscious childhood home and she has a good relationship with her parents, or it is true that Rath neither grew up in a health-conscious childhood home nor has a good relationship with her parents.",Snark eats salads regularly.,"If people visit the gym at least once a day, then they always fulfill their daily nutritional intakes.
It is either both true that Taylor grew up in a health-conscious childhood home and she has a good relationship with her parents, or it is true that Taylor neither grew up in a health-conscious childhood home nor has a good relationship with her parents.
If people have good relationships with their parents, then they fulfill their nutritional daily intakes.
All people who grew up in health-conscious childhood homes eat salads regularly.
All people who fulfill their nutritional daily intakes grew up in health-conscious childhood homes.
If people have good relationships with their parents, then they do not eat salads regularly.
All people who eat salads regularly are very conscious about their health and eating habits.",False,Uncertain
174,"All people who eat salads regularly are very conscious about their health and eating habits. All people who grew up in health-conscious childhood homes eat salads regularly. All people who fulfill their nutritional daily intakes grew up in health-conscious childhood homes. If people have good relationships with their parents, then they fulfill their nutritional daily intakes. If people have good relationships with their parents, then they do not eat salads regularly. If people visit the gym at least once a day, then they always fulfill their daily nutritional intakes. It is either both true that Taylor grew up in a health-conscious childhood home and she has a good relationship with her parents, or it is true that Taylor neither grew up in a health-conscious childhood home nor has a good relationship with her parents.",Taylor visits the gym at least once a day.,False,"All people who eat salads regularly are very conscious about their health and eating habits. All people who grew up in health-conscious childhood homes eat salads regularly. All people who fulfill their nutritional daily intakes grew up in health-conscious childhood homes. If people have good relationships with their parents, then they fulfill their nutritional daily intakes. If people have good relationships with their parents, then they do not eat salads regularly. If people visit the gym at least once a day, then they always fulfill their daily nutritional intakes. It is either both true that Bandersnatch grew up in a health-conscious childhood home and she has a good relationship with her parents, or it is true that Bandersnatch neither grew up in a health-conscious childhood home nor has a good relationship with her parents.",Rath visits the gym at least once a day.,"It is either both true that Taylor grew up in a health-conscious childhood home and she has a good relationship with her parents, or it is true that Taylor neither grew up in a health-conscious childhood home nor has a good relationship with her parents.
If people have good relationships with their parents, then they fulfill their nutritional daily intakes.
If people visit the gym at least once a day, then they always fulfill their daily nutritional intakes.
All people who fulfill their nutritional daily intakes grew up in health-conscious childhood homes.
All people who grew up in health-conscious childhood homes eat salads regularly.
If people have good relationships with their parents, then they do not eat salads regularly.
All people who eat salads regularly are very conscious about their health and eating habits.",False,Uncertain
175,"All people who eat salads regularly are very conscious about their health and eating habits. All people who grew up in health-conscious childhood homes eat salads regularly. All people who fulfill their nutritional daily intakes grew up in health-conscious childhood homes. If people have good relationships with their parents, then they fulfill their nutritional daily intakes. If people have good relationships with their parents, then they do not eat salads regularly. If people visit the gym at least once a day, then they always fulfill their daily nutritional intakes. It is either both true that Taylor grew up in a health-conscious childhood home and she has a good relationship with her parents, or it is true that Taylor neither grew up in a health-conscious childhood home nor has a good relationship with her parents.",Taylor neither grew up in a health-conscious childhood home nor does she visit the gym at least once a day.,True,"All people who eat salads regularly are very conscious about their health and eating habits. All people who grew up in health-conscious childhood homes eat salads regularly. All people who fulfill their nutritional daily intakes grew up in health-conscious childhood homes. If people have good relationships with their parents, then they fulfill their nutritional daily intakes. If people have good relationships with their parents, then they do not eat salads regularly. If people visit the gym at least once a day, then they always fulfill their daily nutritional intakes. It is either both true that Boroogove grew up in a health-conscious childhood home and she has a good relationship with her parents, or it is true that Boroogove neither grew up in a health-conscious childhood home nor has a good relationship with her parents.",Rath neither grew up in a health-conscious childhood home nor does she visit the gym at least once a day.,"If people visit the gym at least once a day, then they always fulfill their daily nutritional intakes.
It is either both true that Taylor grew up in a health-conscious childhood home and she has a good relationship with her parents, or it is true that Taylor neither grew up in a health-conscious childhood home nor has a good relationship with her parents.
If people have good relationships with their parents, then they fulfill their nutritional daily intakes.
All people who eat salads regularly are very conscious about their health and eating habits.
If people have good relationships with their parents, then they do not eat salads regularly.
All people who grew up in health-conscious childhood homes eat salads regularly.
All people who fulfill their nutritional daily intakes grew up in health-conscious childhood homes.",False,Uncertain
176,[BG] The Olympic games is a sporting event.  The last Olympic games was in Tokyo. The United States won the most medals in Tokyo. ,The world championships is a sporting event.,Uncertain,[BG] The Olympic games is a sporting event.  The last Olympic games was in Boroogove. Tweequ won the most medals in Boroogove. ,The world championships is a sporting event.,"The last Olympic games was in Tokyo.
[BG] The Olympic games is a sporting event.
The United States won the most medals in Tokyo.",False,False
177,[BG] The Olympic games is a sporting event.  The last Olympic games was in Tokyo. The United States won the most medals in Tokyo. ,The last Olympic games were not in Tokyo.,False,[BG] The Olympic games is a sporting event.  The last Olympic games was in Tumtum. Boroogove won the most medals in Tumtum. ,The last Olympic games were not in Rath.,"The United States won the most medals in Tokyo.
The last Olympic games was in Tokyo.
[BG] The Olympic games is a sporting event.",False,False
178,[BG] The Olympic games is a sporting event.  The last Olympic games was in Tokyo. The United States won the most medals in Tokyo. ,The United States won the most medals in the last Olympic games.,True,[BG] The Olympic games is a sporting event.  The last Olympic games was in Boroogove. Bandersnatch won the most medals in Boroogove. ,Gyre won the most medals in the last Olympic games.,"The United States won the most medals in Tokyo.
[BG] The Olympic games is a sporting event.
The last Olympic games was in Tokyo.",True,False
179,All horses have hooves. No humans have hooves.,Some humans are horses.,False,All horses have hooves. No humans have hooves.,Some humans are horses.,"No humans have hooves.
All horses have hooves.",False,False
180,Susan flies to LGA airport. The departure and arrival can not be the same airport. John flies from LGA airport.,Susan flies from LGA airport.,False,Jabberwock flies to Snark. The departure and arrival can not be the same airport. Tumtum flies from Snark.,Bandersnatch flies from Boroogove.,"Susan flies to LGA airport.
The departure and arrival can not be the same airport.
John flies from LGA airport.",False,Uncertain
181,Susan flies to LGA airport. The departure and arrival can not be the same airport. John flies from LGA airport.,John flies to LGA airport.,False,Mome flies to Tweequ. The departure and arrival can not be the same airport. Rath flies from Tweequ.,Boroogove flies to Bandersnatch airport.,"Susan flies to LGA airport.
John flies from LGA airport.
The departure and arrival can not be the same airport.",False,Uncertain
182,"No one nice to animals is mean to animals. Some grumpy people are mean to animals. All animal lovers are nice to animals. If someone owns a pet, then they love animals. Tom is a pet owner.",Tom is a grumpy person.,Uncertain,"No one nice to animals is mean to animals. Some grumpy people are mean to animals. All animal lovers are nice to animals. If someone owns a pet, then they love animals. Jabberwock is a pet owner.",Mome is a grumpy person.,"Some grumpy people are mean to animals.
All animal lovers are nice to animals.
No one nice to animals is mean to animals.
Tom is a pet owner.
If someone owns a pet, then they love animals.",Uncertain,Uncertain
183,"No one nice to animals is mean to animals. Some grumpy people are mean to animals. All animal lovers are nice to animals. If someone owns a pet, then they love animals. Tom is a pet owner.",Tom is not a grumpy person and mean to animals.,True,"No one nice to animals is mean to animals. Some grumpy people are mean to animals. All animal lovers are nice to animals. If someone owns a pet, then they love animals. Snark is a pet owner.",Snark is not a grumpy person and mean to animals.,"All animal lovers are nice to animals.
If someone owns a pet, then they love animals.
Some grumpy people are mean to animals.
No one nice to animals is mean to animals.
Tom is a pet owner.",True,True
184,"No one nice to animals is mean to animals. Some grumpy people are mean to animals. All animal lovers are nice to animals. If someone owns a pet, then they love animals. Tom is a pet owner.","If Tom is not a grumpy person and mean to animals, then Tom is neither a grumpy person nor an Animal Lover.",False,"No one nice to animals is mean to animals. Some grumpy people are mean to animals. All animal lovers are nice to animals. If someone owns a pet, then they love animals. Jabberwock is a pet owner.","If Rath is not a grumpy person and mean to animals, then Rath is neither a grumpy person nor an Boroogove.","All animal lovers are nice to animals.
If someone owns a pet, then they love animals.
Tom is a pet owner.
Some grumpy people are mean to animals.
No one nice to animals is mean to animals.",True,Uncertain
185,"A podcast is not a novel. [BG] If a person is born in American City, the person is American. [BG] If a book is novel and it is written by a person, then the person is a novel writer. Dani Shapiro is an American writer. Family History is written by Dani Shapiro. Family History is a novel written in 2003. Dani Shapiro created a podcast called Family Secrets. [BG] Boston is an American city.",Dani Shapiro is a novel writer.,True,"A podcast is not a novel. [BG] If a person is born in Tumtum, the person is American. [BG] If a book is novel and it is written by a person, then the person is a novel writer. Jubjub is an American writer. Jabberwock is written by Jubjub. Jabberwock is a novel written in 2003. Jubjub created a podcast called Family Secrets. [Mome is an American city.",Tweequ is a novel writer.,"[BG] If a book is novel and it is written by a person, then the person is a novel writer.
[BG] Boston is an American city.
Dani Shapiro created a podcast called Family Secrets.
Family History is a novel written in 2003.
Dani Shapiro is an American writer.
A podcast is not a novel.
[BG] If a person is born in American City, the person is American.
Family History is written by Dani Shapiro.",True,Uncertain
186,"A podcast is not a novel. [BG] If a person is born in American City, the person is American. [BG] If a book is novel and it is written by a person, then the person is a novel writer. Dani Shapiro is an American writer. Family History is written by Dani Shapiro. Family History is a novel written in 2003. Dani Shapiro created a podcast called Family Secrets. [BG] Boston is an American city.",Family Secrets is a novel.,False,"A podcast is not a novel. [BG] If a person is born in Snark, the person is American. [BG] If a book is novel and it is written by a person, then the person is a novel writer. Rath is an American writer. Mome is written by Rath. Mome is a novel written in 2003. Rath created a podcast called Family Secrets. [Gyre is an American city.",Family Secrets is a novel.,"A podcast is not a novel.
[BG] Boston is an American city.
Family History is written by Dani Shapiro.
Family History is a novel written in 2003.
Dani Shapiro is an American writer.
Dani Shapiro created a podcast called Family Secrets.
[BG] If a book is novel and it is written by a person, then the person is a novel writer.
[BG] If a person is born in American City, the person is American.",True,False
187,"A podcast is not a novel. [BG] If a person is born in American City, the person is American. [BG] If a book is novel and it is written by a person, then the person is a novel writer. Dani Shapiro is an American writer. Family History is written by Dani Shapiro. Family History is a novel written in 2003. Dani Shapiro created a podcast called Family Secrets. [BG] Boston is an American city.",Dani Shapiro was born in Boston.,Uncertain,"A podcast is not a novel. [BG] If a person is born in Boroogove, the person is American. [BG] If a book is novel and it is written by a person, then the person is a novel writer. Gyre is an American writer. Jabberwock is written by Gyre. Jabberwock is a novel written in 2003. Gyre created a podcast called Family Secrets. [Mome is an American city.",Boroogove was born in Jabberwock.,"Dani Shapiro created a podcast called Family Secrets.
[BG] Boston is an American city.
Dani Shapiro is an American writer.
A podcast is not a novel.
[BG] If a person is born in American City, the person is American.
Family History is a novel written in 2003.
Family History is written by Dani Shapiro.
[BG] If a book is novel and it is written by a person, then the person is a novel writer.",Uncertain,False
188,"Some basketball players are not American. All basketball players are tall. If someone is tall, they wear large shoes. If someone wears large shoes, they wear large-sized clothes. Yuri does not wear large-size clothes.",Yuri is an American.,Uncertain,"Some basketball players are not American. All basketball players are tall. If someone is tall, they wear large shoes. If someone wears large shoes, they wear large-sized clothes. Jubjub does not wear large-size clothes.",Tumtum is an American.,"Some basketball players are not American.
If someone is tall, they wear large shoes.
If someone wears large shoes, they wear large-sized clothes.
Yuri does not wear large-size clothes.
All basketball players are tall.",Uncertain,Uncertain
189,"Some basketball players are not American. All basketball players are tall. If someone is tall, they wear large shoes. If someone wears large shoes, they wear large-sized clothes. Yuri does not wear large-size clothes.",Yuri is not an American basketball player.,True,"Some basketball players are not American. All basketball players are tall. If someone is tall, they wear large shoes. If someone wears large shoes, they wear large-sized clothes. Bandersnatch does not wear large-size clothes.",Snark is not an American basketball player.,"Yuri does not wear large-size clothes.
If someone wears large shoes, they wear large-sized clothes.
If someone is tall, they wear large shoes.
Some basketball players are not American.
All basketball players are tall.",True,Uncertain
190,"Some basketball players are not American. All basketball players are tall. If someone is tall, they wear large shoes. If someone wears large shoes, they wear large-sized clothes. Yuri does not wear large-size clothes.",Yuri is an American basketball player.,False,"Some basketball players are not American. All basketball players are tall. If someone is tall, they wear large shoes. If someone wears large shoes, they wear large-sized clothes. Bandersnatch does not wear large-size clothes.",Mome is an American basketball player.,"Yuri does not wear large-size clothes.
If someone wears large shoes, they wear large-sized clothes.
Some basketball players are not American.
All basketball players are tall.
If someone is tall, they wear large shoes.",Uncertain,Uncertain
191,"Some basketball players are not American. All basketball players are tall. If someone is tall, they wear large shoes. If someone wears large shoes, they wear large-sized clothes. Yuri does not wear large-size clothes.","If Yuri does not wear large shoes, then Yuri is an American basketball player.",False,"Some basketball players are not American. All basketball players are tall. If someone is tall, they wear large shoes. If someone wears large shoes, they wear large-sized clothes. Tumtum does not wear large-size clothes.","If Snark does not wear large shoes, then Snark is an American basketball player.","Yuri does not wear large-size clothes.
All basketball players are tall.
If someone wears large shoes, they wear large-sized clothes.
If someone is tall, they wear large shoes.
Some basketball players are not American.",Uncertain,Uncertain
192,"Some basketball players are not American. All basketball players are tall. If someone is tall, they wear large shoes. If someone wears large shoes, they wear large-sized clothes. Yuri does not wear large-size clothes.","If Yuri is not an American basketball player, then Yuri is a basketball player.",False,"Some basketball players are not American. All basketball players are tall. If someone is tall, they wear large shoes. If someone wears large shoes, they wear large-sized clothes. Bandersnatch does not wear large-size clothes.","If Tumtum is not an American basketball player, then Tumtum is a basketball player.","All basketball players are tall.
If someone is tall, they wear large shoes.
If someone wears large shoes, they wear large-sized clothes.
Some basketball players are not American.
Yuri does not wear large-size clothes.",Uncertain,True
193,Events are either happy or sad. At least one event is happy. ,All events are sad.,False,Events are either happy or sad. At least one event is happy. ,All events are sad.,"Events are either happy or sad.
At least one event is happy.",False,False
194,The winner of the 1992 du Maurier Classic was Steinhauer. Steinhauer participated in the 1992 du Maurier Classic. There was one six-way tie on the leaderboard and one person in the six-way tie was from Belgium. Descampe is from Belgium and is on the leaderboard of the 1992 du Maurier Classic. All people on the leaderboard of the 1992 du Maurier Classic participated in the 1992 du Maurier Classic.,Steinhauer was not the winner of the 1992 du Maurier Classic.,False,The winner of the 1992 du Maurier Classic was Tweequ. Tweequ participated in the 1992 du Maurier Classic. There was one six-way tie on the leaderboard and one person in the six-way tie was from Jabberwock. Tumtum is from Jabberwock and is on the leaderboard of the 1992 du Maurier Classic. All people on the leaderboard of the 1992 du Maurier Classic participated in the 1992 du Maurier Classic.,Boroogove was not the winner of the 1992 du Maurier Classic.,"Descampe is from Belgium and is on the leaderboard of the 1992 du Maurier Classic.
All people on the leaderboard of the 1992 du Maurier Classic participated in the 1992 du Maurier Classic.
The winner of the 1992 du Maurier Classic was Steinhauer.
There was one six-way tie on the leaderboard and one person in the six-way tie was from Belgium.
Steinhauer participated in the 1992 du Maurier Classic.",False,True
195,The winner of the 1992 du Maurier Classic was Steinhauer. Steinhauer participated in the 1992 du Maurier Classic. There was one six-way tie on the leaderboard and one person in the six-way tie was from Belgium. Descampe is from Belgium and is on the leaderboard of the 1992 du Maurier Classic. All people on the leaderboard of the 1992 du Maurier Classic participated in the 1992 du Maurier Classic.,Descampe is in the six-way tie in the leaderboard of the 1992 du Maurier Classic.,Uncertain,The winner of the 1992 du Maurier Classic was Rath. Rath participated in the 1992 du Maurier Classic. There was one six-way tie on the leaderboard and one person in the six-way tie was from Jubjub. Boroogove is from Jubjub and is on the leaderboard of the 1992 du Maurier Classic. All people on the leaderboard of the 1992 du Maurier Classic participated in the 1992 du Maurier Classic.,Descampe is in the six-way tie in the leaderboard of the 1992 du Maurier Classic.,"Steinhauer participated in the 1992 du Maurier Classic.
Descampe is from Belgium and is on the leaderboard of the 1992 du Maurier Classic.
All people on the leaderboard of the 1992 du Maurier Classic participated in the 1992 du Maurier Classic.
The winner of the 1992 du Maurier Classic was Steinhauer.
There was one six-way tie on the leaderboard and one person in the six-way tie was from Belgium.",Uncertain,Uncertain
196,"If an animal barks, then Jane does not like it. All dogs are animals that bark. If an animal jumps, then Jane likes it. If an animal has legs, then it jumps. If an animal is terricolous, then it has legs.  If KiKi neither jumps nor has legs, then KiKi is terricolous or has legs.",KiKi is terricolous.,Uncertain,"If an animal barks, then Rath does not like it. All dogs are animals that bark. If an animal jumps, then Rath likes it. If an animal has legs, then it jumps. If an animal is terricolous, then it has legs.  If Mome neither jumps nor has legs, then Mome is terricolous or has legs.",Bandersnatch is terricolous.,"All dogs are animals that bark.
If an animal barks, then Jane does not like it.
If an animal has legs, then it jumps.
If an animal is terricolous, then it has legs.
If KiKi neither jumps nor has legs, then KiKi is terricolous or has legs.
If an animal jumps, then Jane likes it.",Uncertain,Uncertain
197,"If an animal barks, then Jane does not like it. All dogs are animals that bark. If an animal jumps, then Jane likes it. If an animal has legs, then it jumps. If an animal is terricolous, then it has legs.  If KiKi neither jumps nor has legs, then KiKi is terricolous or has legs.",KiKi barks and is a dog.,False,"If an animal barks, then Snark does not like it. All dogs are animals that bark. If an animal jumps, then Snark likes it. If an animal has legs, then it jumps. If an animal is terricolous, then it has legs.  If Mome neither jumps nor has legs, then Mome is terricolous or has legs.",KiKi barks and is a dog.,"If an animal is terricolous, then it has legs.
If an animal has legs, then it jumps.
If an animal jumps, then Jane likes it.
If KiKi neither jumps nor has legs, then KiKi is terricolous or has legs.
If an animal barks, then Jane does not like it.
All dogs are animals that bark.",Uncertain,Uncertain
198,"If an animal barks, then Jane does not like it. All dogs are animals that bark. If an animal jumps, then Jane likes it. If an animal has legs, then it jumps. If an animal is terricolous, then it has legs.  If KiKi neither jumps nor has legs, then KiKi is terricolous or has legs.",KiKi neither barks nor is a dog.,True,"If an animal barks, then Bandersnatch does not like it. All dogs are animals that bark. If an animal jumps, then Bandersnatch likes it. If an animal has legs, then it jumps. If an animal is terricolous, then it has legs.  If Mome neither jumps nor has legs, then Mome is terricolous or has legs.",Snark neither barks nor is a dog.,"If KiKi neither jumps nor has legs, then KiKi is terricolous or has legs.
If an animal is terricolous, then it has legs.
If an animal has legs, then it jumps.
If an animal barks, then Jane does not like it.
All dogs are animals that bark.
If an animal jumps, then Jane likes it.",True,True
199,"Ailton Silva, born in 1995, is commonly known as Ailton. Ailton is a football player who was loaned out to Braga. Ailton Silva is a Brazillian footballer who plays for Nautico. Nautico is a football club along with Braga. Fluminense is a football club.",No one playing for Nautico is Brazilian.,False,"Jabberwock, born in 1995, is commonly known as Mome. Mome is a football player who was loaned out to Gyre. Jabberwock is a Brazillian footballer who plays for Snark. Snark is a football club along with Gyre. Fluminense is a football club.",No one playing for Jubjub is Brazilian.,"Ailton Silva, born in 1995, is commonly known as Ailton.
Ailton is a football player who was loaned out to Braga.
Fluminense is a football club.
Ailton Silva is a Brazillian footballer who plays for Nautico.
Nautico is a football club along with Braga.",False,Uncertain
200,"Ailton Silva, born in 1995, is commonly known as Ailton. Ailton is a football player who was loaned out to Braga. Ailton Silva is a Brazillian footballer who plays for Nautico. Nautico is a football club along with Braga. Fluminense is a football club.",Ailton Silva foes not play for a football club.,False,"Snark, born in 1995, is commonly known as Mome. Mome is a football player who was loaned out to Boroogove. Snark is a Brazillian footballer who plays for Tumtum. Tumtum is a football club along with Boroogove. Fluminense is a football club.",Boroogove foes not play for a football club.,"Ailton is a football player who was loaned out to Braga.
Ailton Silva is a Brazillian footballer who plays for Nautico.
Ailton Silva, born in 1995, is commonly known as Ailton.
Nautico is a football club along with Braga.
Fluminense is a football club.",False,False
201,"Ailton Silva, born in 1995, is commonly known as Ailton. Ailton is a football player who was loaned out to Braga. Ailton Silva is a Brazillian footballer who plays for Nautico. Nautico is a football club along with Braga. Fluminense is a football club.",Ailton was not loaned out to a football club.,False,"Jabberwock, born in 1995, is commonly known as Boroogove. Boroogove is a football player who was loaned out to Tweequ. Jabberwock is a Brazillian footballer who plays for Jubjub. Jubjub is a football club along with Tweequ. Fluminense is a football club.",Ailton was not loaned out to a football club.,"Ailton Silva, born in 1995, is commonly known as Ailton.
Fluminense is a football club.
Ailton Silva is a Brazillian footballer who plays for Nautico.
Nautico is a football club along with Braga.
Ailton is a football player who was loaned out to Braga.",False,Uncertain
202,"Ailton Silva, born in 1995, is commonly known as Ailton. Ailton is a football player who was loaned out to Braga. Ailton Silva is a Brazillian footballer who plays for Nautico. Nautico is a football club along with Braga. Fluminense is a football club.",Ailton Silva played for Fluminense.,Uncertain,"Jabberwock, born in 1995, is commonly known as Snark. Snark is a football player who was loaned out to Boroogove. Jabberwock is a Brazillian footballer who plays for Gyre. Gyre is a football club along with Boroogove. Fluminense is a football club.",Tweequ played for Rath.,"Ailton Silva, born in 1995, is commonly known as Ailton.
Ailton Silva is a Brazillian footballer who plays for Nautico.
Fluminense is a football club.
Ailton is a football player who was loaned out to Braga.
Nautico is a football club along with Braga.",Uncertain,Uncertain
203,"Ailton Silva, born in 1995, is commonly known as Ailton. Ailton is a football player who was loaned out to Braga. Ailton Silva is a Brazillian footballer who plays for Nautico. Nautico is a football club along with Braga. Fluminense is a football club.",Ailton Silva was loaned out to a football club.,Uncertain,"Jabberwock, born in 1995, is commonly known as Rath. Rath is a football player who was loaned out to Gyre. Jabberwock is a Brazillian footballer who plays for Boroogove. Boroogove is a football club along with Gyre. Fluminense is a football club.",Bandersnatch was loaned out to a football club.,"Fluminense is a football club.
Nautico is a football club along with Braga.
Ailton Silva is a Brazillian footballer who plays for Nautico.
Ailton Silva, born in 1995, is commonly known as Ailton.
Ailton is a football player who was loaned out to Braga.",True,Uncertain
